IE_XML_ID;IE_NAME;FILE NAME;URL
2661;Односекционный металлический шкаф для одежды ШРМ-11;Инструкция / паспорт изделия по сборке металлического шкафа Односекционный металлический шкаф для одежды ШРМ-11.pdf;https://paksmet.ru/catalog/pasport/instr_shrm.pdf
2661;Односекционный металлический шкаф для одежды ШРМ-11;Техническое задание Шкаф ШРМ-11 Односекционный металлический шкаф для одежды ШРМ-11.docx;https://paksmet.ru/catalog/tz/SHRM-11.docx
2661;Односекционный металлический шкаф для одежды ШРМ-11;Техническое задание Шкаф ШРМ-11/400 Односекционный металлический шкаф для одежды ШРМ-11.docx;https://paksmet.ru/catalog/tz/SHRM-11-400.docx
2661;Односекционный металлический шкаф для одежды ШРМ-11;Сертификаты Односекционный металлический шкаф для одежды ШРМ-11.pdf;https://paksmet.ru/catalog/sertifikat/NS-1.pdf
2664;Двухсекционный металлический шкаф для одежды ШРМ-АК;Инструкция / паспорт изделия по сборке металлического шкафа Двухсекционный металлический шкаф для одежды ШРМ-АК.pdf;https://paksmet.ru/catalog/pasport/instr_modules.pdf
2664;Двухсекционный металлический шкаф для одежды ШРМ-АК;Техническое задание Шкаф ШРМ-АК/500 Двухсекционный металлический шкаф для одежды ШРМ-АК.docx;https://paksmet.ru/catalog/tz/SHRM-AK-500.docx
2664;Двухсекционный металлический шкаф для одежды ШРМ-АК;Техническое задание Шкаф ШРМ-АК Двухсекционный металлический шкаф для одежды ШРМ-АК.docx;https://paksmet.ru/catalog/tz/SHRM-AK.docx
2664;Двухсекционный металлический шкаф для одежды ШРМ-АК;Техническое задание Шкаф ШРМ-АК/800 Двухсекционный металлический шкаф для одежды ШРМ-АК.docx;https://paksmet.ru/catalog/tz/SHRM-AK-800.docx
2664;Двухсекционный металлический шкаф для одежды ШРМ-АК;Видео по сборке шкафа ШРМ-АК Двухсекционный металлический шкаф для одежды ШРМ-АК.com/watch?v=gk90B45cfZY;https://paksmet.ruhttps://www.youtube.com/watch?v=gk90B45cfZY
2664;Двухсекционный металлический шкаф для одежды ШРМ-АК;Сертификаты Двухсекционный металлический шкаф для одежды ШРМ-АК.pdf;https://paksmet.ru/catalog/sertifikat/NS-1.pdf
2668;Трехсекционный металлический шкаф для одежды ШРМ-33;Инструкция / паспорт изделия по сборке металлического шкафа Трехсекционный металлический шкаф для одежды ШРМ-33.pdf;https://paksmet.ru/catalog/pasport/shrm-33.pdf
2668;Трехсекционный металлический шкаф для одежды ШРМ-33;Техническое задание Шкаф ШРМ-33 Трехсекционный металлический шкаф для одежды ШРМ-33.docx;https://paksmet.ru/catalog/tz/SHRM-33.docx
2668;Трехсекционный металлический шкаф для одежды ШРМ-33;Сертификаты Трехсекционный металлический шкаф для одежды ШРМ-33.pdf;https://paksmet.ru/catalog/sertifikat/NS-2.pdf
2670;Односекционный металлический шкаф для одежды ШРМ-21;Инструкция / паспорт изделия по сборке металлического шкафа Односекционный металлический шкаф для одежды ШРМ-21.pdf;https://paksmet.ru/catalog/pasport/instr_shrm.pdf
2670;Односекционный металлический шкаф для одежды ШРМ-21;Техническое задание Шкаф ШРМ-21 Односекционный металлический шкаф для одежды ШРМ-21.docx;https://paksmet.ru/catalog/tz/SHRM-21.docx
2670;Односекционный металлический шкаф для одежды ШРМ-21;Сертификаты Односекционный металлический шкаф для одежды ШРМ-21.pdf;https://paksmet.ru/catalog/sertifikat/NS-1.pdf
2672;Односекционный металлический шкаф для одежды ШРМ-12;Инструкция / паспорт изделия по сборке металлического шкафа Односекционный металлический шкаф для одежды ШРМ-12.pdf;https://paksmet.ru/catalog/pasport/instr_shrm.pdf
2672;Односекционный металлический шкаф для одежды ШРМ-12;Техническое задание шкафа ШРМ-12 Односекционный металлический шкаф для одежды ШРМ-12.docx;https://paksmet.ru/catalog/tz/SHRM-12.docx
2672;Односекционный металлический шкаф для одежды ШРМ-12;Сертификаты Односекционный металлический шкаф для одежды ШРМ-12.pdf;https://paksmet.ru/catalog/sertifikat/NS-1.pdf
2674;Двухсекционный металлический шкаф для одежды ШРМ-24;Инструкция / паспорт изделия по сборке металлического шкафа Двухсекционный металлический шкаф для одежды ШРМ-24.pdf;https://paksmet.ru/catalog/pasport/pasport_24.pdf
2674;Двухсекционный металлический шкаф для одежды ШРМ-24;Техническое задание шкафа ШРМ-24 Двухсекционный металлический шкаф для одежды ШРМ-24.docx;https://paksmet.ru/catalog/tz/SHRM-24.docx
2674;Двухсекционный металлический шкаф для одежды ШРМ-24;Сертификаты Двухсекционный металлический шкаф для одежды ШРМ-24.pdf;https://paksmet.ru/catalog/sertifikat/NS-1.pdf
2676;Двухсекционный металлический шкаф для одежды ШРМ-22;Инструкция / паспорт изделия по сборке металлического шкафа Двухсекционный металлический шкаф для одежды ШРМ-22.pdf;https://paksmet.ru/catalog/pasport/shrm-22.pdf
2676;Двухсекционный металлический шкаф для одежды ШРМ-22;Техническое задание Шкаф ШРМ-22 Двухсекционный металлический шкаф для одежды ШРМ-22.docx;https://paksmet.ru/catalog/tz/SHRM-22.docx
2676;Двухсекционный металлический шкаф для одежды ШРМ-22;Техническое задание Шкаф ШРМ-22/800 Двухсекционный металлический шкаф для одежды ШРМ-22.docx;https://paksmet.ru/catalog/tz/SHRM-22-800.docx
2676;Двухсекционный металлический шкаф для одежды ШРМ-22;Сертификаты Двухсекционный металлический шкаф для одежды ШРМ-22.pdf;https://paksmet.ru/catalog/sertifikat/NS-1.pdf
2679;Двухсекционный металлический шкаф ШРМ-22У;Инструкция / паспорт изделия по сборке металлического шкафа Двухсекционный металлический шкаф ШРМ-22У.pdf;https://paksmet.ru/catalog/pasport/instr_shrm.pdf
2679;Двухсекционный металлический шкаф ШРМ-22У;Техническое задание Шкаф ШРМ-22У Двухсекционный металлический шкаф ШРМ-22У.docx;https://paksmet.ru/catalog/tz/SHRM-22Y.docx
2679;Двухсекционный металлический шкаф ШРМ-22У;Техническое задание Шкаф ШРМ-22У/800 Двухсекционный металлический шкаф ШРМ-22У.docx;https://paksmet.ru/catalog/tz/SHRM-22Y-800.docx
2679;Двухсекционный металлический шкаф ШРМ-22У;Сертификаты Двухсекционный металлический шкаф ШРМ-22У.pdf;https://paksmet.ru/catalog/sertifikat/NS-1.pdf
2682;Металлический шкаф для хранения одежды и инвентаря ШРМ-АК-У;Инструкция / паспорт изделия по сборке металлического шкафа Металлический шкаф для хранения одежды и инвентаря ШРМ-АК-У.pdf;https://paksmet.ru/catalog/pasport/instr_shrm.pdf
2682;Металлический шкаф для хранения одежды и инвентаря ШРМ-АК-У;Техническое задание Шкаф ШРМ-АК-У Металлический шкаф для хранения одежды и инвентаря ШРМ-АК-У.docx;https://paksmet.ru/catalog/tz/SHRM-AK-Y.docx
2682;Металлический шкаф для хранения одежды и инвентаря ШРМ-АК-У;Сертификаты Металлический шкаф для хранения одежды и инвентаря ШРМ-АК-У.pdf;https://paksmet.ru/catalog/sertifikat/NS-1.pdf
2684;Металлический шкаф для хранения верхней одежды ШАМ-11.Р;Инструкция / паспорт изделия по сборке металлического шкафа Металлический шкаф для хранения верхней одежды ШАМ-11.Р.pdf;https://paksmet.ru/catalog/pasport/arhiv_2021.pdf
2684;Металлический шкаф для хранения верхней одежды ШАМ-11.Р;Сертификаты Металлический шкаф для хранения верхней одежды ШАМ-11.Р.pdf;https://paksmet.ru/catalog/sertifikat/NS-1.pdf
2686;Двухсекционный металлический шкаф для одежды ШРМ-С;Инструкция / паспорт изделия по сборке металлического шкафа Двухсекционный металлический шкаф для одежды ШРМ-С.pdf;https://paksmet.ru/catalog/pasport/instr_modules.pdf
2686;Двухсекционный металлический шкаф для одежды ШРМ-С;Техническое задание Шкаф ШРМ-С/500 Двухсекционный металлический шкаф для одежды ШРМ-С.docx;https://paksmet.ru/catalog/tz/SHRM-AK-500.docx
2686;Двухсекционный металлический шкаф для одежды ШРМ-С;Техническое задание Шкаф ШРМ-С Двухсекционный металлический шкаф для одежды ШРМ-С.docx;https://paksmet.ru/catalog/tz/SHRM-AK.docx
2686;Двухсекционный металлический шкаф для одежды ШРМ-С;Техническое задание Шкаф ШРМ-С/800 Двухсекционный металлический шкаф для одежды ШРМ-С.docx;https://paksmet.ru/catalog/tz/SHRM-AK-800.docx
2686;Двухсекционный металлический шкаф для одежды ШРМ-С;Сертификаты Двухсекционный металлический шкаф для одежды ШРМ-С.pdf;https://paksmet.ru/catalog/sertifikat/NS-1.pdf
2690;Модульный металлический шкаф для одежды ШРМ-22М;Инструкция / паспорт изделия по сборке металлического шкафа Модульный металлический шкаф для одежды ШРМ-22М.pdf;https://paksmet.ru/catalog/pasport/instr_modules.pdf
2690;Модульный металлический шкаф для одежды ШРМ-22М;Техническое задание Шкаф ШРМ-22М Модульный металлический шкаф для одежды ШРМ-22М.docx;https://paksmet.ru/catalog/tz/SHRM-22M.docx
2690;Модульный металлический шкаф для одежды ШРМ-22М;Техническое задание Шкаф ШРМ-22М-800 Модульный металлический шкаф для одежды ШРМ-22М.docx;https://paksmet.ru/catalog/tz/SHRM-22M-800.docx
2690;Модульный металлический шкаф для одежды ШРМ-22М;Сертификаты Модульный металлический шкаф для одежды ШРМ-22М.pdf;https://paksmet.ru/catalog/sertifikat/NS-1.pdf
2693;Металлический сушильный шкаф для одежды и обуви ШСО-2000;Технические характеристики Металлический сушильный шкаф для одежды и обуви ШСО-2000.docx;https://paksmet.ru/catalog/tz/TEHINFO-SHSO-2000.docx
2693;Металлический сушильный шкаф для одежды и обуви ШСО-2000;Сертификаты Металлический сушильный шкаф для одежды и обуви ШСО-2000.pdf;https://paksmet.ru/catalog/sertifikat/SS__SHSO.pdf
2695;Металлический сушильный шкаф для одежды и обуви ШСО-22М и ШСО-22М-600;Технические характеристики шкафа ШСО-22М Металлический сушильный шкаф для одежды и обуви ШСО-22М и ШСО-22М-600.docx;https://paksmet.ru/catalog/tz/TEHINFO-SHSO-22M.docx
2695;Металлический сушильный шкаф для одежды и обуви ШСО-22М и ШСО-22М-600;Технические характеристики шкафа ШСО-22М-600 Металлический сушильный шкаф для одежды и обуви ШСО-22М и ШСО-22М-600.docx;https://paksmet.ru/catalog/tz/TEHINFO-SHSO-22M-600.docx
2695;Металлический сушильный шкаф для одежды и обуви ШСО-22М и ШСО-22М-600;Сертификаты Металлический сушильный шкаф для одежды и обуви ШСО-22М и ШСО-22М-600.pdf;https://paksmet.ru/catalog/sertifikat/SS__SHSO.pdf
2698;Металлический сушильный шкаф для одежды и обуви ШСО-2000-4;Технические характеристики Металлический сушильный шкаф для одежды и обуви ШСО-2000-4.docx;https://paksmet.ru/catalog/tz/TEHINFO-SHSO-2004.docx
2698;Металлический сушильный шкаф для одежды и обуви ШСО-2000-4;Сертификаты Металлический сушильный шкаф для одежды и обуви ШСО-2000-4.pdf;https://paksmet.ru/catalog/sertifikat/SS__SHSO.pdf
2700;Металлический сушильный шкаф RANGER-5;Технические характеристики Металлический сушильный шкаф RANGER-5.docx;https://paksmet.ru/catalog/tz/TEHINFO-RANGER-5.docx
2700;Металлический сушильный шкаф RANGER-5;Сертификаты Металлический сушильный шкаф RANGER-5.pdf;https://paksmet.ru/catalog/sertifikat/SS_RANGER.pdf
2702;Металлический сушильный шкаф RANGER-8;Технические характеристики Металлический сушильный шкаф RANGER-8.docx;https://paksmet.ru/catalog/tz/TEHINFO-RANGER-8.docx
2702;Металлический сушильный шкаф RANGER-8;Сертификаты Металлический сушильный шкаф RANGER-8.pdf;https://paksmet.ru/catalog/sertifikat/SS_RANGER.pdf
2704;Модуль сушильный для обуви Союз-10 (ШСО-10);Технические характеристики Модуль сушильный для обуви Союз-10 (ШСО-10).docx;https://paksmet.ru/catalog/tz/TEHINFO-SOYZ-10.docx
2704;Модуль сушильный для обуви Союз-10 (ШСО-10);Сертификаты Модуль сушильный для обуви Союз-10 (ШСО-10).pdf;https://paksmet.ru/catalog/sertifikat/SS__SOYZ.pdf
2706;Модуль сушильный для обуви Союз-20 (ШСО-20);Технические характеристики Модуль сушильный для обуви Союз-20 (ШСО-20).docx;https://paksmet.ru/catalog/tz/TEHINFO-SOYZ-20.docx
2706;Модуль сушильный для обуви Союз-20 (ШСО-20);Сертификаты Модуль сушильный для обуви Союз-20 (ШСО-20).pdf;https://paksmet.ru/catalog/sertifikat/SS__SOYZ.pdf
2713;Промежуточная секция модульного ряда ШРМ - М;Инструкция / паспорт изделия по сборке металлического шкафа Промежуточная секция модульного ряда ШРМ - М.pdf;https://paksmet.ru/catalog/pasport/instr_modules.pdf
2713;Промежуточная секция модульного ряда ШРМ - М;Техническое задание Шкаф ШРМ-М Промежуточная секция модульного ряда ШРМ - М.docx;https://paksmet.ru/catalog/tz/SHRM-M.docx
2713;Промежуточная секция модульного ряда ШРМ - М;Техническое задание Шкаф ШРМ-М/400 Промежуточная секция модульного ряда ШРМ - М.docx;https://paksmet.ru/catalog/tz/SHRM-M-400.docx
2713;Промежуточная секция модульного ряда ШРМ - М;Сертификаты Промежуточная секция модульного ряда ШРМ - М.pdf;https://paksmet.ru/catalog/sertifikat/NS-1.pdf
2716;Металлический шкаф для документов ШАМ-11;Инструкция / паспорт изделия по сборке металлического шкафа Металлический шкаф для документов ШАМ-11.pdf;https://paksmet.ru/catalog/pasport/sham.pdf
2716;Металлический шкаф для документов ШАМ-11;Техническое задание Шкаф ШАМ-11/600 Металлический шкаф для документов ШАМ-11.docx;https://paksmet.ru/catalog/tz/SHAM-11-600.docx
2716;Металлический шкаф для документов ШАМ-11;Техническое задание Шкаф ШАМ-11/400 Металлический шкаф для документов ШАМ-11.docx;https://paksmet.ru/catalog/tz/SHAM-11-400.docx
2716;Металлический шкаф для документов ШАМ-11;Техническое задание Шкаф ШАМ-11 Металлический шкаф для документов ШАМ-11.docx;https://paksmet.ru/catalog/tz/SHAM-11.docx
2716;Металлический шкаф для документов ШАМ-11;Техническое задание Шкаф ШАМ-11/920 Металлический шкаф для документов ШАМ-11.docx;https://paksmet.ru/catalog/tz/SHAM-11-920.docx
2716;Металлический шкаф для документов ШАМ-11;Техническое задание Шкаф ШАМ-11-20 Металлический шкаф для документов ШАМ-11.docx;https://paksmet.ru/catalog/tz/SHAM-11-20.docx
2716;Металлический шкаф для документов ШАМ-11;Сертификаты Металлический шкаф для документов ШАМ-11.pdf;https://paksmet.ru/catalog/sertifikat/NS-1.pdf
2723;Металлический шкаф для документов ШАМ-12;Инструкция / паспорт изделия по сборке металлического шкафа Металлический шкаф для документов ШАМ-12.pdf;https://paksmet.ru/catalog/pasport/sham.pdf
2723;Металлический шкаф для документов ШАМ-12;Техническое задание Шкаф ШАМ-12-680 Металлический шкаф для документов ШАМ-12.docx;https://paksmet.ru/catalog/tz/SHAM-12-680.docx
2723;Металлический шкаф для документов ШАМ-12;Техническое задание Шкаф ШАМ-12/1320 Металлический шкаф для документов ШАМ-12.docx;https://paksmet.ru/catalog/tz/SHAM-12-1320.docx
2723;Металлический шкаф для документов ШАМ-12;Техническое задание Шкаф ШАМ-12 Металлический шкаф для документов ШАМ-12.docx;https://paksmet.ru/catalog/tz/SHAM-12.docx
2723;Металлический шкаф для документов ШАМ-12;Сертификаты Металлический шкаф для документов ШАМ-12.pdf;https://paksmet.ru/catalog/sertifikat/NS-1.pdf
2727;Металлический шкаф для документов ШАМ-0.5;Инструкция / паспорт изделия по сборке металлического шкафа Металлический шкаф для документов ШАМ-0.5.pdf;https://paksmet.ru/catalog/pasport/sham.pdf
2727;Металлический шкаф для документов ШАМ-0.5;Техническое задание Шкаф ШАМ-0.5 Металлический шкаф для документов ШАМ-0.5.docx;https://paksmet.ru/catalog/tz/SHAM-0.5.docx
2727;Металлический шкаф для документов ШАМ-0.5;Техническое задание Шкаф ШАМ-0.5-400 Металлический шкаф для документов ШАМ-0.5.docx;https://paksmet.ru/catalog/tz/SHAM-0.5-400.docx
2727;Металлический шкаф для документов ШАМ-0.5;Сертификаты Металлический шкаф для документов ШАМ-0.5.pdf;https://paksmet.ru/catalog/sertifikat/NS-1.pdf
2732;Металлический шкаф-купе для документов ШАМ-11.К;Инструкция / паспорт изделия по сборке металлического шкафа Металлический шкаф-купе для документов ШАМ-11.К.pdf;https://paksmet.ru/catalog/sham11k.pdf
2732;Металлический шкаф-купе для документов ШАМ-11.К;Техническое задание Шкаф ШАМ-11.К Металлический шкаф-купе для документов ШАМ-11.К.docx;https://paksmet.ru/catalog/tz/SHAM-11.K.docx
2732;Металлический шкаф-купе для документов ШАМ-11.К;Сертификаты Металлический шкаф-купе для документов ШАМ-11.К.pdf;https://paksmet.ru/catalog/sertifikat/NS-1.pdf
2734;Металлический шкаф для документов  ШАМ-24.О;Инструкция / паспорт изделия по сборке металлического шкафа Металлический шкаф для документов  ШАМ-24.О.pdf;https://paksmet.ru/catalog/pasport/pasport_24.pdf
2734;Металлический шкаф для документов  ШАМ-24.О;Сертификаты Металлический шкаф для документов  ШАМ-24.О.pdf;https://paksmet.ru/catalog/sertifikat/NS-1.pdf
2744;Стойка МС-500;Инструкция / паспорт изделия по сборке металлического стеллажа Стойка МС-500.pdf;https://paksmet.ru/catalog/pasport/titan.pdf
2744;Стойка МС-500;3D-видео инструкция Стойка МС-500.swf;https://paksmet.ru/catalog/instr_stellaj.swf
2744;Стойка МС-500;Техническое задание Стеллаж серии ТИТАН-МС Стойка МС-500.docx;https://paksmet.ru/catalog/tz/MS.docx
2744;Стойка МС-500;Сертификаты Стойка МС-500.pdf;https://paksmet.ru/catalog/sertifikat/NS-2.pdf
2751;Полка МС-100;Инструкция / паспорт изделия по сборке металлического стеллажа Полка МС-100.pdf;https://paksmet.ru/catalog/pasport/titan.pdf
2751;Полка МС-100;3D-видео инструкция Полка МС-100.swf;https://paksmet.ru/catalog/instr_stellaj.swf
2751;Полка МС-100;Техническое задание Стеллаж серии ТИТАН-МС Полка МС-100.docx;https://paksmet.ru/catalog/tz/MS.docx
2751;Полка МС-100;Сертификаты Полка МС-100.pdf;https://paksmet.ru/catalog/sertifikat/NS-2.pdf
2760;Металлический стеллаж МС-254/500;Инструкция / паспорт изделия по сборке металлического стеллажа Металлический стеллаж МС-254/500.pdf;https://paksmet.ru/catalog/pasport/titan.pdf
2760;Металлический стеллаж МС-254/500;3D-видео инструкция Металлический стеллаж МС-254/500.swf;https://paksmet.ru/catalog/instr_stellaj.swf
2760;Металлический стеллаж МС-254/500;Техническое задание Стеллаж серии ТИТАН-МС Металлический стеллаж МС-254/500.docx;https://paksmet.ru/catalog/tz/MS.docx
2760;Металлический стеллаж МС-254/500;Сертификаты Металлический стеллаж МС-254/500.pdf;https://paksmet.ru/catalog/sertifikat/NS-2.pdf
2762;Металлический стеллаж МС-264/500;Инструкция / паспорт изделия по сборке металлического стеллажа Металлический стеллаж МС-264/500.pdf;https://paksmet.ru/catalog/pasport/titan.pdf
2762;Металлический стеллаж МС-264/500;3D-видео инструкция Металлический стеллаж МС-264/500.swf;https://paksmet.ru/catalog/instr_stellaj.swf
2762;Металлический стеллаж МС-264/500;Техническое задание Стеллаж серии ТИТАН-МС Металлический стеллаж МС-264/500.docx;https://paksmet.ru/catalog/tz/MS.docx
2762;Металлический стеллаж МС-264/500;Сертификаты Металлический стеллаж МС-264/500.pdf;https://paksmet.ru/catalog/sertifikat/NS-2.pdf
2764;Металлический стеллаж МС-244/500;Инструкция / паспорт изделия по сборке металлического стеллажа Металлический стеллаж МС-244/500.pdf;https://paksmet.ru/catalog/pasport/titan.pdf
2764;Металлический стеллаж МС-244/500;3D-видео инструкция Металлический стеллаж МС-244/500.swf;https://paksmet.ru/catalog/instr_stellaj.swf
2764;Металлический стеллаж МС-244/500;Техническое задание Стеллаж серии ТИТАН-МС Металлический стеллаж МС-244/500.docx;https://paksmet.ru/catalog/tz/MS.docx
2764;Металлический стеллаж МС-244/500;Сертификаты Металлический стеллаж МС-244/500.pdf;https://paksmet.ru/catalog/sertifikat/NS-2.pdf
2766;Металлический стеллаж МС-234/500;Инструкция / паспорт изделия по сборке металлического стеллажа Металлический стеллаж МС-234/500.pdf;https://paksmet.ru/catalog/pasport/titan.pdf
2766;Металлический стеллаж МС-234/500;3D-видео инструкция Металлический стеллаж МС-234/500.swf;https://paksmet.ru/catalog/instr_stellaj.swf
2766;Металлический стеллаж МС-234/500;Техническое задание Стеллаж серии ТИТАН-МС Металлический стеллаж МС-234/500.docx;https://paksmet.ru/catalog/tz/MS.docx
2766;Металлический стеллаж МС-234/500;Сертификаты Металлический стеллаж МС-234/500.pdf;https://paksmet.ru/catalog/sertifikat/NS-2.pdf
2768;Металлический стеллаж МС-183;Инструкция / паспорт изделия по сборке металлического стеллажа Металлический стеллаж МС-183.pdf;https://paksmet.ru/catalog/pasport/titan.pdf
2768;Металлический стеллаж МС-183;3D-видео инструкция Металлический стеллаж МС-183.swf;https://paksmet.ru/catalog/instr_stellaj.swf
2768;Металлический стеллаж МС-183;Техническое задание Стеллаж серии ТИТАН-МС Металлический стеллаж МС-183.docx;https://paksmet.ru/catalog/tz/MS.docx
2768;Металлический стеллаж МС-183;Сертификаты Металлический стеллаж МС-183.pdf;https://paksmet.ru/catalog/sertifikat/NS-2.pdf
2770;Металлический стеллаж МС-152;Инструкция / паспорт изделия по сборке металлического стеллажа Металлический стеллаж МС-152.pdf;https://paksmet.ru/catalog/pasport/titan.pdf
2770;Металлический стеллаж МС-152;3D-видео инструкция Металлический стеллаж МС-152.swf;https://paksmet.ru/catalog/instr_stellaj.swf
2770;Металлический стеллаж МС-152;Техническое задание Стеллаж серии ТИТАН-МС Металлический стеллаж МС-152.docx;https://paksmet.ru/catalog/tz/MS.docx
2770;Металлический стеллаж МС-152;Сертификаты Металлический стеллаж МС-152.pdf;https://paksmet.ru/catalog/sertifikat/NS-2.pdf
2772;Стойка МС-750;Инструкция / паспорт изделия по сборке металлического стеллажа Стойка МС-750.pdf;https://paksmet.ru/catalog/pasport/titan.pdf
2772;Стойка МС-750;3D-видео инструкция Стойка МС-750.swf;https://paksmet.ru/catalog/instr_stellaj.swf
2772;Стойка МС-750;Техническое задание Стеллаж серии ТИТАН-МС Стойка МС-750.docx;https://paksmet.ru/catalog/tz/MS.docx
2772;Стойка МС-750;Сертификаты Стойка МС-750.pdf;https://paksmet.ru/catalog/sertifikat/NS-2.pdf
2784;Полка МС;Инструкция / паспорт изделия по сборке металлического стеллажа Полка МС.pdf;https://paksmet.ru/catalog/pasport/titan.pdf
2784;Полка МС;3D-видео инструкция Полка МС.swf;https://paksmet.ru/catalog/instr_stellaj.swf
2784;Полка МС;Техническое задание Стеллаж серии ТИТАН-МС Полка МС.docx;https://paksmet.ru/catalog/tz/MS.docx
2784;Полка МС;Сертификаты Полка МС.pdf;https://paksmet.ru/catalog/sertifikat/NS-2.pdf
2804;Металлический стеллаж МС-264;Инструкция / паспорт изделия по сборке металлического стеллажа Металлический стеллаж МС-264.pdf;https://paksmet.ru/catalog/pasport/titan.pdf
2804;Металлический стеллаж МС-264;3D-видео инструкция Металлический стеллаж МС-264.swf;https://paksmet.ru/catalog/instr_stellaj.swf
2804;Металлический стеллаж МС-264;Техническое задание Стеллаж серии ТИТАН-МС Металлический стеллаж МС-264.docx;https://paksmet.ru/catalog/tz/MS.docx
2804;Металлический стеллаж МС-264;Сертификаты Металлический стеллаж МС-264.pdf;https://paksmet.ru/catalog/sertifikat/NS-2.pdf
2806;Металлический стеллаж МС-254;Инструкция / паспорт изделия по сборке металлического стеллажа Металлический стеллаж МС-254.pdf;https://paksmet.ru/catalog/pasport/titan.pdf
2806;Металлический стеллаж МС-254;3D-видео инструкция Металлический стеллаж МС-254.swf;https://paksmet.ru/catalog/instr_stellaj.swf
2806;Металлический стеллаж МС-254;Техническое задание Стеллаж серии ТИТАН-МС Металлический стеллаж МС-254.docx;https://paksmet.ru/catalog/tz/MS.docx
2806;Металлический стеллаж МС-254;Сертификаты Металлический стеллаж МС-254.pdf;https://paksmet.ru/catalog/sertifikat/NS-2.pdf
2808;Металлический стеллаж МС-244;Инструкция / паспорт изделия по сборке металлического стеллажа Металлический стеллаж МС-244.pdf;https://paksmet.ru/catalog/pasport/titan.pdf
2808;Металлический стеллаж МС-244;3D-видео инструкция Металлический стеллаж МС-244.swf;https://paksmet.ru/catalog/instr_stellaj.swf
2808;Металлический стеллаж МС-244;Техническое задание Стеллаж серии ТИТАН-МС Металлический стеллаж МС-244.docx;https://paksmet.ru/catalog/tz/MS.docx
2808;Металлический стеллаж МС-244;Сертификаты Металлический стеллаж МС-244.pdf;https://paksmet.ru/catalog/sertifikat/NS-2.pdf
2810;Металлический стеллаж МС-234;Инструкция / паспорт изделия по сборке металлического стеллажа Металлический стеллаж МС-234.pdf;https://paksmet.ru/catalog/pasport/titan.pdf
2810;Металлический стеллаж МС-234;3D-видео инструкция Металлический стеллаж МС-234.swf;https://paksmet.ru/catalog/instr_stellaj.swf
2810;Металлический стеллаж МС-234;Техническое задание Стеллаж серии ТИТАН-МС Металлический стеллаж МС-234.docx;https://paksmet.ru/catalog/tz/MS.docx
2810;Металлический стеллаж МС-234;Сертификаты Металлический стеллаж МС-234.pdf;https://paksmet.ru/catalog/sertifikat/NS-2.pdf
2812;Полка МС-200;Инструкция / паспорт изделия по сборке металлического стеллажа Полка МС-200.pdf;https://paksmet.ru/catalog/pasport/titan.pdf
2812;Полка МС-200;3D-видео инструкция Полка МС-200.swf;https://paksmet.ru/catalog/instr_stellaj.swf
2812;Полка МС-200;Техническое задание Стеллаж серии ТИТАН-МС Полка МС-200.docx;https://paksmet.ru/catalog/tz/MS.docx
2812;Полка МС-200;Сертификаты Полка МС-200.pdf;https://paksmet.ru/catalog/sertifikat/NS-2.pdf
2817;Стойка МС-900;Инструкция / паспорт изделия по сборке металлического стеллажа Стойка МС-900.pdf;https://paksmet.ru/catalog/pasport/titan.pdf
2817;Стойка МС-900;3D-видео инструкция Стойка МС-900.swf;https://paksmet.ru/catalog/instr_stellaj.swf
2817;Стойка МС-900;Техническое задание Стеллаж серии ТИТАН-МС Стойка МС-900.docx;https://paksmet.ru/catalog/tz/MS.docx
2817;Стойка МС-900;Сертификаты Стойка МС-900.pdf;https://paksmet.ru/catalog/sertifikat/NS-2.pdf
2829;Полка МС-Т-М;Инструкция / паспорт изделия по сборке металлического стеллажа Полка МС-Т-М.pdf;https://paksmet.ru/catalog/pasport/titan_mst.pdf
2829;Полка МС-Т-М;Техническое задание Стеллаж серии ТИТАН-МС-Т Полка МС-Т-М.docx;https://paksmet.ru/catalog/tz/MS-T.docx
2829;Полка МС-Т-М;Сертификаты Полка МС-Т-М.pdf;https://paksmet.ru/catalog/sertifikat/NS-2.pdf
2833;Стойка МС-Т;Инструкция / паспорт изделия по сборке металлического стеллажа Стойка МС-Т.pdf;https://paksmet.ru/catalog/pasport/titan_mst.pdf
2833;Стойка МС-Т;Техническое задание Стеллаж серии ТИТАН-МС-Т Стойка МС-Т.docx;https://paksmet.ru/catalog/tz/MS-T.docx
2833;Стойка МС-Т;Сертификаты Стойка МС-Т.pdf;https://paksmet.ru/catalog/sertifikat/NS-2.pdf
2837;Полка МС-Т;Инструкция / паспорт изделия по сборке металлического стеллажа Полка МС-Т.pdf;https://paksmet.ru/catalog/pasport/titan_mst.pdf
2837;Полка МС-Т;Техническое задание Стеллаж серии ТИТАН-МС-Т Полка МС-Т.docx;https://paksmet.ru/catalog/tz/MS-T.docx
2837;Полка МС-Т;Сертификаты Полка МС-Т.pdf;https://paksmet.ru/catalog/sertifikat/NS-2.pdf
2844;Балка МС-Т;Инструкция / паспорт изделия по сборке металлического стеллажа Балка МС-Т.pdf;https://paksmet.ru/catalog/pasport/titan_mst.pdf
2844;Балка МС-Т;Техническое задание Стеллаж серии ТИТАН-МС-Т Балка МС-Т.docx;https://paksmet.ru/catalog/tz/MS-T.docx
2844;Балка МС-Т;Сертификаты Балка МС-Т.pdf;https://paksmet.ru/catalog/sertifikat/NS-2.pdf
2850;Металлический стеллаж МС-Т 18764-2.0;Инструкция / паспорт изделия по сборке металлического стеллажа Металлический стеллаж МС-Т 18764-2.0.pdf;https://paksmet.ru/catalog/pasport/titan_mst.pdf
2850;Металлический стеллаж МС-Т 18764-2.0;Техническое задание Стеллаж серии ТИТАН-МС-Т Металлический стеллаж МС-Т 18764-2.0.docx;https://paksmet.ru/catalog/tz/MS-T.docx
2850;Металлический стеллаж МС-Т 18764-2.0;Сертификаты Металлический стеллаж МС-Т 18764-2.0.pdf;https://paksmet.ru/catalog/sertifikat/NS-2.pdf
2852;Металлический стеллаж МС-Т 18765-2.5;Инструкция / паспорт изделия по сборке металлического стеллажа Металлический стеллаж МС-Т 18765-2.5.pdf;https://paksmet.ru/catalog/pasport/titan_mst.pdf
2852;Металлический стеллаж МС-Т 18765-2.5;Техническое задание Стеллаж серии ТИТАН-МС-Т Металлический стеллаж МС-Т 18765-2.5.docx;https://paksmet.ru/catalog/tz/MS-T.docx
2852;Металлический стеллаж МС-Т 18765-2.5;Сертификаты Металлический стеллаж МС-Т 18765-2.5.pdf;https://paksmet.ru/catalog/sertifikat/NS-2.pdf
2854;Металлический стеллаж МС-Т 18765-3.0;Инструкция / паспорт изделия по сборке металлического стеллажа Металлический стеллаж МС-Т 18765-3.0.pdf;https://paksmet.ru/catalog/pasport/titan_mst.pdf
2854;Металлический стеллаж МС-Т 18765-3.0;Техническое задание Стеллаж серии ТИТАН-МС-Т Металлический стеллаж МС-Т 18765-3.0.docx;https://paksmet.ru/catalog/tz/MS-T.docx
2854;Металлический стеллаж МС-Т 18765-3.0;Сертификаты Металлический стеллаж МС-Т 18765-3.0.pdf;https://paksmet.ru/catalog/sertifikat/NS-2.pdf
2856;Металлический стеллаж МС-Т 15765-3.0;Инструкция / паспорт изделия по сборке металлического стеллажа Металлический стеллаж МС-Т 15765-3.0.pdf;https://paksmet.ru/catalog/pasport/titan_mst.pdf
2856;Металлический стеллаж МС-Т 15765-3.0;Техническое задание Стеллаж серии ТИТАН-МС-Т Металлический стеллаж МС-Т 15765-3.0.docx;https://paksmet.ru/catalog/tz/MS-T.docx
2856;Металлический стеллаж МС-Т 15765-3.0;Сертификаты Металлический стеллаж МС-Т 15765-3.0.pdf;https://paksmet.ru/catalog/sertifikat/NS-2.pdf
2858;Металлический стеллаж МС-Т 15765-2.5;Инструкция / паспорт изделия по сборке металлического стеллажа Металлический стеллаж МС-Т 15765-2.5.pdf;https://paksmet.ru/catalog/pasport/titan_mst.pdf
2858;Металлический стеллаж МС-Т 15765-2.5;Техническое задание Стеллаж серии ТИТАН-МС-Т Металлический стеллаж МС-Т 15765-2.5.docx;https://paksmet.ru/catalog/tz/MS-T.docx
2858;Металлический стеллаж МС-Т 15765-2.5;Сертификаты Металлический стеллаж МС-Т 15765-2.5.pdf;https://paksmet.ru/catalog/sertifikat/NS-2.pdf
2860;Металлический стеллаж МС-Т 15615-2.5;Инструкция / паспорт изделия по сборке металлического стеллажа Металлический стеллаж МС-Т 15615-2.5.pdf;https://paksmet.ru/catalog/pasport/titan_mst.pdf
2860;Металлический стеллаж МС-Т 15615-2.5;Техническое задание Стеллаж серии ТИТАН-МС-Т Металлический стеллаж МС-Т 15615-2.5.docx;https://paksmet.ru/catalog/tz/MS-T.docx
2860;Металлический стеллаж МС-Т 15615-2.5;Сертификаты Металлический стеллаж МС-Т 15615-2.5.pdf;https://paksmet.ru/catalog/sertifikat/NS-2.pdf
2862;Металлический стеллаж МС-Т 15615-3.0;Инструкция / паспорт изделия по сборке металлического стеллажа Металлический стеллаж МС-Т 15615-3.0.pdf;https://paksmet.ru/catalog/pasport/titan_mst.pdf
2862;Металлический стеллаж МС-Т 15615-3.0;Техническое задание Стеллаж серии ТИТАН-МС-Т Металлический стеллаж МС-Т 15615-3.0.docx;https://paksmet.ru/catalog/tz/MS-T.docx
2862;Металлический стеллаж МС-Т 15615-3.0;Сертификаты Металлический стеллаж МС-Т 15615-3.0.pdf;https://paksmet.ru/catalog/sertifikat/NS-2.pdf
2864;Металлический стеллаж МС-Т 15764-2.0;Инструкция / паспорт изделия по сборке металлического стеллажа Металлический стеллаж МС-Т 15764-2.0.pdf;https://paksmet.ru/catalog/pasport/titan_mst.pdf
2864;Металлический стеллаж МС-Т 15764-2.0;Техническое задание Стеллаж серии ТИТАН-МС-Т Металлический стеллаж МС-Т 15764-2.0.docx;https://paksmet.ru/catalog/tz/MS-T.docx
2864;Металлический стеллаж МС-Т 15764-2.0;Сертификаты Металлический стеллаж МС-Т 15764-2.0.pdf;https://paksmet.ru/catalog/sertifikat/NS-2.pdf
2866;Металлический стеллаж МС-Т 15614-2.0;Инструкция / паспорт изделия по сборке металлического стеллажа Металлический стеллаж МС-Т 15614-2.0.pdf;https://paksmet.ru/catalog/pasport/titan_mst.pdf
2866;Металлический стеллаж МС-Т 15614-2.0;Техническое задание Стеллаж серии ТИТАН-МС-Т Металлический стеллаж МС-Т 15614-2.0.docx;https://paksmet.ru/catalog/tz/MS-T.docx
2866;Металлический стеллаж МС-Т 15614-2.0;Сертификаты Металлический стеллаж МС-Т 15614-2.0.pdf;https://paksmet.ru/catalog/sertifikat/NS-2.pdf
2868;Перфорированная панель;Инструкция / паспорт изделия по сборке гардеробной системы Перфорированная панель.jpg;https://paksmet.ru/catalog/pasport/instr_gs.jpg
2868;Перфорированная панель;Сертификаты Перфорированная панель.pdf;https://paksmet.ru/catalog/sertifikat/NS-4.pdf
2873;Брючница выдвижная;Инструкция / паспорт изделия по сборке гардеробной системы Брючница выдвижная.jpg;https://paksmet.ru/catalog/pasport/instr_gs.jpg
2873;Брючница выдвижная;Сертификаты Брючница выдвижная.pdf;https://paksmet.ru/catalog/sertifikat/NS-4.pdf
2875;Полка для перфорированной панели GS;Инструкция / паспорт изделия по сборке гардеробной системы Полка для перфорированной панели GS.jpg;https://paksmet.ru/catalog/pasport/instr_gs.jpg
2875;Полка для перфорированной панели GS;Сертификаты Полка для перфорированной панели GS.pdf;https://paksmet.ru/catalog/sertifikat/NS-4.pdf
2879;Обувница выдвижная двухъярусная;Инструкция / паспорт изделия по сборке гардеробной системы Обувница выдвижная двухъярусная.jpg;https://paksmet.ru/catalog/pasport/instr_gs.jpg
2879;Обувница выдвижная двухъярусная;Сертификаты Обувница выдвижная двухъярусная.pdf;https://paksmet.ru/catalog/sertifikat/NS-4.pdf
2881;Переходник для стойки GS;Инструкция / паспорт изделия по сборке гардеробной системы Переходник для стойки GS.jpg;https://paksmet.ru/catalog/pasport/instr_gs.jpg
2881;Переходник для стойки GS;Сертификаты Переходник для стойки GS.pdf;https://paksmet.ru/catalog/sertifikat/NS-4.pdf
2883;Комплект заглушек для перекладины;Инструкция / паспорт изделия по сборке гардеробной системы Комплект заглушек для перекладины.jpg;https://paksmet.ru/catalog/pasport/instr_gs.jpg
2883;Комплект заглушек для перекладины;Сертификаты Комплект заглушек для перекладины.pdf;https://paksmet.ru/catalog/sertifikat/NS-4.pdf
2885;Полка универсальная для кронштейнов GS;Инструкция / паспорт изделия по сборке гардеробной системы Полка универсальная для кронштейнов GS.jpg;https://paksmet.ru/catalog/pasport/instr_gs.jpg
2885;Полка универсальная для кронштейнов GS;Сертификаты Полка универсальная для кронштейнов GS.pdf;https://paksmet.ru/catalog/sertifikat/NS-4.pdf
2887;Держатель для инструмента GS;Инструкция / паспорт изделия по сборке гардеробной системы Держатель для инструмента GS.jpg;https://paksmet.ru/catalog/pasport/instr_gs.jpg
2887;Держатель для инструмента GS;Сертификаты Держатель для инструмента GS.pdf;https://paksmet.ru/catalog/sertifikat/NS-4.pdf
2889;Держатель для ключей GS;Инструкция / паспорт изделия по сборке гардеробной системы Держатель для ключей GS.jpg;https://paksmet.ru/catalog/pasport/instr_gs.jpg
2889;Держатель для ключей GS;Сертификаты Держатель для ключей GS.pdf;https://paksmet.ru/catalog/sertifikat/NS-4.pdf
2891;Кронштейн для полки;Инструкция / паспорт изделия по сборке гардеробной системы Кронштейн для полки.jpg;https://paksmet.ru/catalog/pasport/instr_gs.jpg
2891;Кронштейн для полки;Сертификаты Кронштейн для полки.pdf;https://paksmet.ru/catalog/sertifikat/NS-4.pdf
2894;Металлический крючок для перфорированного экрана;Инструкция / паспорт изделия по сборке металлического верстака Металлический крючок для перфорированного экрана.pdf;https://paksmet.ru/catalog/pasport/pasport_vp.pdf
2894;Металлический крючок для перфорированного экрана;Сертификаты Металлический крючок для перфорированного экрана.pdf;https://paksmet.ru/catalog/sertifikat/NS-3.pdf
2897;Заглушки для кронштейна GS;Инструкция / паспорт изделия по сборке гардеробной системы Заглушки для кронштейна GS.jpg;https://paksmet.ru/catalog/pasport/instr_gs.jpg
2897;Заглушки для кронштейна GS;Сертификаты Заглушки для кронштейна GS.pdf;https://paksmet.ru/catalog/sertifikat/NS-4.pdf
2899;Панель с крючками;Инструкция / паспорт изделия по сборке гардеробной системы Панель с крючками.jpg;https://paksmet.ru/catalog/pasport/instr_gs.jpg
2899;Панель с крючками;Сертификаты Панель с крючками.pdf;https://paksmet.ru/catalog/sertifikat/NS-4.pdf
2902;Корзина пластиковая;Инструкция / паспорт изделия по сборке гардеробной системы Корзина пластиковая.jpg;https://paksmet.ru/catalog/pasport/instr_gs.jpg
2902;Корзина пластиковая;Сертификаты Корзина пластиковая.pdf;https://paksmet.ru/catalog/sertifikat/NS-4.pdf
2905;Полка для стоек GS;Инструкция / паспорт изделия по сборке гардеробной системы Полка для стоек GS.jpg;https://paksmet.ru/catalog/pasport/instr_gs.jpg
2905;Полка для стоек GS;Сертификаты Полка для стоек GS.pdf;https://paksmet.ru/catalog/sertifikat/NS-4.pdf
2908;Соединитель для перекладины;Инструкция / паспорт изделия по сборке гардеробной системы Соединитель для перекладины.jpg;https://paksmet.ru/catalog/pasport/instr_gs.jpg
2908;Соединитель для перекладины;Сертификаты Соединитель для перекладины.pdf;https://paksmet.ru/catalog/sertifikat/NS-4.pdf
2910;Панель с крючками для кронштейнов GS;Инструкция / паспорт изделия по сборке гардеробной системы Панель с крючками для кронштейнов GS.jpg;https://paksmet.ru/catalog/pasport/instr_gs.jpg
2910;Панель с крючками для кронштейнов GS;Сертификаты Панель с крючками для кронштейнов GS.pdf;https://paksmet.ru/catalog/sertifikat/NS-4.pdf
2912;Перекладина для вешалок;Инструкция / паспорт изделия по сборке гардеробной системы Перекладина для вешалок.jpg;https://paksmet.ru/catalog/pasport/instr_gs.jpg
2912;Перекладина для вешалок;Сертификаты Перекладина для вешалок.pdf;https://paksmet.ru/catalog/sertifikat/NS-4.pdf
2917;Корзина выдвижная;Инструкция / паспорт изделия по сборке гардеробной системы Корзина выдвижная.jpg;https://paksmet.ru/catalog/pasport/instr_gs.jpg
2917;Корзина выдвижная;Сертификаты Корзина выдвижная.pdf;https://paksmet.ru/catalog/sertifikat/NS-4.pdf
2922;Полка сетчатая;Инструкция / паспорт изделия по сборке гардеробной системы Полка сетчатая.jpg;https://paksmet.ru/catalog/pasport/instr_gs.jpg
2922;Полка сетчатая;Сертификаты Полка сетчатая.pdf;https://paksmet.ru/catalog/sertifikat/NS-4.pdf
2932;Стойка;Инструкция / паспорт изделия по сборке гардеробной системы Стойка.jpg;https://paksmet.ru/catalog/pasport/instr_gs.jpg
2932;Стойка;Сертификаты Стойка.pdf;https://paksmet.ru/catalog/sertifikat/NS-4.pdf
2938;Комплекты гардеробной системы ТИТАН-GS-350S / GS-450S;Инструкция / паспорт изделия по сборке гардеробной системы Комплекты гардеробной системы ТИТАН-GS-350S / GS-450S.jpg;https://paksmet.ru/catalog/pasport/instr_gs.jpg
2938;Комплекты гардеробной системы ТИТАН-GS-350S / GS-450S;Сертификаты Комплекты гардеробной системы ТИТАН-GS-350S / GS-450S.pdf;https://paksmet.ru/catalog/sertifikat/NS-4.pdf
2941;Рельс несущий;Инструкция / паспорт изделия по сборке гардеробной системы Рельс несущий.jpg;https://paksmet.ru/catalog/pasport/instr_gs.jpg
2941;Рельс несущий;Сертификаты Рельс несущий.pdf;https://paksmet.ru/catalog/sertifikat/NS-4.pdf
2949;Разделитель\ боковина корзины;Инструкция / паспорт изделия по сборке гардеробной системы Разделитель\ боковина корзины.jpg;https://paksmet.ru/catalog/pasport/instr_gs.jpg
2949;Разделитель\ боковина корзины;Сертификаты Разделитель\ боковина корзины.pdf;https://paksmet.ru/catalog/sertifikat/NS-4.pdf
2951;Корзина мелкосетчатая;Инструкция / паспорт изделия по сборке гардеробной системы Корзина мелкосетчатая.jpg;https://paksmet.ru/catalog/pasport/instr_gs.jpg
2951;Корзина мелкосетчатая;Сертификаты Корзина мелкосетчатая.pdf;https://paksmet.ru/catalog/sertifikat/NS-4.pdf
2954;Крючок универсальный;Инструкция / паспорт изделия по сборке гардеробной системы Крючок универсальный.jpg;https://paksmet.ru/catalog/pasport/instr_gs.jpg
2954;Крючок универсальный;Сертификаты Крючок универсальный.pdf;https://paksmet.ru/catalog/sertifikat/NS-4.pdf
2956;Рама для сетчатых корзин (выдвижная);Инструкция / паспорт изделия по сборке гардеробной системы Рама для сетчатых корзин (выдвижная).jpg;https://paksmet.ru/catalog/pasport/instr_gs.jpg
2956;Рама для сетчатых корзин (выдвижная);Сертификаты Рама для сетчатых корзин (выдвижная).pdf;https://paksmet.ru/catalog/sertifikat/NS-4.pdf
2958;Полка для обуви;Инструкция / паспорт изделия по сборке гардеробной системы Полка для обуви.jpg;https://paksmet.ru/catalog/pasport/instr_gs.jpg
2958;Полка для обуви;Сертификаты Полка для обуви.pdf;https://paksmet.ru/catalog/sertifikat/NS-4.pdf
2961;Кронштейн для перекладины;Инструкция / паспорт изделия по сборке гардеробной системы Кронштейн для перекладины.jpg;https://paksmet.ru/catalog/pasport/instr_gs.jpg
2961;Кронштейн для перекладины;Сертификаты Кронштейн для перекладины.pdf;https://paksmet.ru/catalog/sertifikat/NS-4.pdf
2963;Полка металлическая;Инструкция / паспорт изделия по сборке гардеробной системы Полка металлическая.jpg;https://paksmet.ru/catalog/pasport/instr_gs.jpg
2963;Полка металлическая;Сертификаты Полка металлическая.pdf;https://paksmet.ru/catalog/sertifikat/NS-4.pdf
2966;Комплекты гардеробной системы ТИТАН-GS-350 / GS-450;Инструкция / паспорт изделия по сборке гардеробной системы Комплекты гардеробной системы ТИТАН-GS-350 / GS-450.jpg;https://paksmet.ru/catalog/pasport/instr_gs.jpg
2966;Комплекты гардеробной системы ТИТАН-GS-350 / GS-450;Сертификаты Комплекты гардеробной системы ТИТАН-GS-350 / GS-450.pdf;https://paksmet.ru/catalog/sertifikat/NS-4.pdf
2969;Регулируемая опора;Инструкция / паспорт изделия по сборке металлического стеллажа Регулируемая опора.pdf;https://paksmet.ru/catalog/pasport/titan.pdf
2969;Регулируемая опора;Техническое задание Стеллаж серии ТИТАН-МС Регулируемая опора.docx;https://paksmet.ru/catalog/tz/MS.docx
2969;Регулируемая опора;Сертификаты Регулируемая опора.pdf;https://paksmet.ru/catalog/sertifikat/NS-2.pdf
2971;Переходник для стойки МС;Инструкция / паспорт изделия по сборке металлического стеллажа Переходник для стойки МС.pdf;https://paksmet.ru/catalog/pasport/titan.pdf
2971;Переходник для стойки МС;Техническое задание Стеллаж серии ТИТАН-МС Переходник для стойки МС.docx;https://paksmet.ru/catalog/tz/MS.docx
2971;Переходник для стойки МС;Сертификаты Переходник для стойки МС.pdf;https://paksmet.ru/catalog/sertifikat/NS-2.pdf
2973;Дополнительный уголок;Инструкция / паспорт изделия по сборке металлического стеллажа Дополнительный уголок.pdf;https://paksmet.ru/catalog/pasport/titan.pdf
2973;Дополнительный уголок;Техническое задание Стеллаж серии ТИТАН-МС Дополнительный уголок.docx;https://paksmet.ru/catalog/tz/MS.docx
2973;Дополнительный уголок;Сертификаты Дополнительный уголок.pdf;https://paksmet.ru/catalog/sertifikat/NS-2.pdf
2975;Дополнительный крепеж;Инструкция / паспорт изделия по сборке металлического стеллажа Дополнительный крепеж.pdf;https://paksmet.ru/catalog/pasport/titan.pdf
2975;Дополнительный крепеж;Техническое задание Стеллаж серии ТИТАН-МС Дополнительный крепеж.docx;https://paksmet.ru/catalog/tz/MS.docx
2975;Дополнительный крепеж;Сертификаты Дополнительный крепеж.pdf;https://paksmet.ru/catalog/sertifikat/NS-2.pdf
2977;Крестовина жесткости;Инструкция / паспорт изделия по сборке металлического стеллажа Крестовина жесткости.pdf;https://paksmet.ru/catalog/pasport/titan.pdf
2977;Крестовина жесткости;Техническое задание Стеллаж серии ТИТАН-МС Крестовина жесткости.docx;https://paksmet.ru/catalog/tz/MS.docx
2977;Крестовина жесткости;Сертификаты Крестовина жесткости.pdf;https://paksmet.ru/catalog/sertifikat/NS-2.pdf
2979;Ребро жесткости;Инструкция / паспорт изделия по сборке металлического стеллажа Ребро жесткости.pdf;https://paksmet.ru/catalog/pasport/titan.pdf
2979;Ребро жесткости;Техническое задание Стеллаж серии ТИТАН-МС Ребро жесткости.docx;https://paksmet.ru/catalog/tz/MS.docx
2979;Ребро жесткости;Сертификаты Ребро жесткости.pdf;https://paksmet.ru/catalog/sertifikat/NS-2.pdf
2984;Угловая полка МС;Инструкция / паспорт изделия по сборке металлического стеллажа Угловая полка МС.pdf;https://paksmet.ru/catalog/pasport/titan.pdf
2984;Угловая полка МС;3D-видео инструкция Угловая полка МС.swf;https://paksmet.ru/catalog/instr_stellaj.swf
2984;Угловая полка МС;Техническое задание Стеллаж серии ТИТАН-МС Угловая полка МС.docx;https://paksmet.ru/catalog/tz/MS.docx
2984;Угловая полка МС;Сертификаты Угловая полка МС.pdf;https://paksmet.ru/catalog/sertifikat/NS-2.pdf
2989;Задняя стенка;Инструкция / паспорт изделия по сборке металлического стеллажа Задняя стенка.pdf;https://paksmet.ru/catalog/pasport/titan.pdf
2989;Задняя стенка;Техническое задание Стеллаж серии ТИТАН-МС Задняя стенка.docx;https://paksmet.ru/catalog/tz/MS.docx
2989;Задняя стенка;Сертификаты Задняя стенка.pdf;https://paksmet.ru/catalog/sertifikat/NS-2.pdf
2994;Планка ограничительная;Инструкция / паспорт изделия по сборке металлического стеллажа Планка ограничительная.pdf;https://paksmet.ru/catalog/pasport/titan.pdf
2994;Планка ограничительная;Техническое задание Стеллаж серии ТИТАН-МС Планка ограничительная.docx;https://paksmet.ru/catalog/tz/MS.docx
2994;Планка ограничительная;Сертификаты Планка ограничительная.pdf;https://paksmet.ru/catalog/sertifikat/NS-2.pdf
3004;Продольный разделитель;Инструкция / паспорт изделия по сборке металлического стеллажа Продольный разделитель.pdf;https://paksmet.ru/catalog/pasport/titan.pdf
3004;Продольный разделитель;Техническое задание Стеллаж серии ТИТАН-МС Продольный разделитель.docx;https://paksmet.ru/catalog/tz/MS.docx
3004;Продольный разделитель;Сертификаты Продольный разделитель.pdf;https://paksmet.ru/catalog/sertifikat/NS-2.pdf
3024;Разделитель на полку;Инструкция / паспорт изделия по сборке металлического стеллажа Разделитель на полку.pdf;https://paksmet.ru/catalog/pasport/titan.pdf
3024;Разделитель на полку;Техническое задание Стеллаж серии ТИТАН-МС Разделитель на полку.docx;https://paksmet.ru/catalog/tz/MS.docx
3024;Разделитель на полку;Сертификаты Разделитель на полку.pdf;https://paksmet.ru/catalog/sertifikat/NS-2.pdf
3031;Боковая стенка;Инструкция / паспорт изделия по сборке металлического стеллажа Боковая стенка.pdf;https://paksmet.ru/catalog/pasport/titan.pdf
3031;Боковая стенка;Техническое задание Стеллаж серии ТИТАН-МС Боковая стенка.docx;https://paksmet.ru/catalog/tz/MS.docx
3031;Боковая стенка;Сертификаты Боковая стенка.pdf;https://paksmet.ru/catalog/sertifikat/NS-2.pdf
3040;Картотечный металлический шкаф для хранения документов КР-7;Инструкция / паспорт изделия по сборке металлического шкафа Картотечный металлический шкаф для хранения документов КР-7.pdf;https://paksmet.ru/catalog/pasport/pasport_KR-7.pdf
3040;Картотечный металлический шкаф для хранения документов КР-7;Сертификаты Картотечный металлический шкаф для хранения документов КР-7.pdf;https://paksmet.ru/catalog/sertifikat/NS-1.pdf
3041;Картотечный металлический шкаф для хранения документов КР-5;Инструкция / паспорт изделия по сборке металлического шкафа Картотечный металлический шкаф для хранения документов КР-5.pdf;https://paksmet.ru/catalog/pasport/pasport_kartoteka.pdf
3041;Картотечный металлический шкаф для хранения документов КР-5;Техническое задание Картотечный шкаф КР-5 Картотечный металлический шкаф для хранения документов КР-5.docx;https://paksmet.ru/catalog/tz/KR-5.docx
3041;Картотечный металлический шкаф для хранения документов КР-5;Сертификаты Картотечный металлический шкаф для хранения документов КР-5.pdf;https://paksmet.ru/catalog/sertifikat/NS-1.pdf
3042;Картотечный металлический шкаф для хранения документов КР-4;Инструкция / паспорт изделия по сборке металлического шкафа Картотечный металлический шкаф для хранения документов КР-4.pdf;https://paksmet.ru/catalog/pasport/pasport_kartoteka.pdf
3042;Картотечный металлический шкаф для хранения документов КР-4;Техническое задание Картотечный шкаф КР-4 Картотечный металлический шкаф для хранения документов КР-4.docx;https://paksmet.ru/catalog/tz/KR-4.docx
3042;Картотечный металлический шкаф для хранения документов КР-4;Сертификаты Картотечный металлический шкаф для хранения документов КР-4.pdf;https://paksmet.ru/catalog/sertifikat/NS-1.pdf
3043;Картотечный металлический шкаф для хранения документов КР-3;Инструкция / паспорт изделия по сборке металлического шкафа Картотечный металлический шкаф для хранения документов КР-3.pdf;https://paksmet.ru/catalog/pasport/pasport_kartoteka.pdf
3043;Картотечный металлический шкаф для хранения документов КР-3;Техническое задание Картотечный шкаф КР-3 Картотечный металлический шкаф для хранения документов КР-3.docx;https://paksmet.ru/catalog/tz/KR-3.docx
3043;Картотечный металлический шкаф для хранения документов КР-3;Сертификаты Картотечный металлический шкаф для хранения документов КР-3.pdf;https://paksmet.ru/catalog/sertifikat/NS-1.pdf
3044;Картотечный металлический шкаф для хранения документов КР-2;Инструкция / паспорт изделия по сборке металлического шкафа Картотечный металлический шкаф для хранения документов КР-2.pdf;https://paksmet.ru/catalog/pasport/pasport_kartoteka.pdf
3044;Картотечный металлический шкаф для хранения документов КР-2;Техническое задание Картотечный шкаф КР-2 Картотечный металлический шкаф для хранения документов КР-2.docx;https://paksmet.ru/catalog/tz/KR-2.docx
3044;Картотечный металлический шкаф для хранения документов КР-2;Сертификаты Картотечный металлический шкаф для хранения документов КР-2.pdf;https://paksmet.ru/catalog/sertifikat/NS-1.pdf
3045;Односекционный металлический шкаф для сумок ШРМ-14;Инструкция / паспорт изделия по сборке металлического шкафа Односекционный металлический шкаф для сумок ШРМ-14.pdf;https://paksmet.ru/catalog/pasport/instr_sumochnica.pdf
3045;Односекционный металлический шкаф для сумок ШРМ-14;Техническое задание Шкаф ШРМ-14 Односекционный металлический шкаф для сумок ШРМ-14.docx;https://paksmet.ru/catalog/tz/SHRM-14.docx
3045;Односекционный металлический шкаф для сумок ШРМ-14;Техническое задание Шкаф ШРМ-14-400 Односекционный металлический шкаф для сумок ШРМ-14.docx;https://paksmet.ru/catalog/tz/SHRM-14-400.docx
3045;Односекционный металлический шкаф для сумок ШРМ-14;Сертификаты Односекционный металлический шкаф для сумок ШРМ-14.pdf;https://paksmet.ru/catalog/sertifikat/NS-1.pdf
3048;Двухсекционный металлический шкаф для сумок ШРМ-28;Инструкция / паспорт изделия по сборке металлического шкафа Двухсекционный металлический шкаф для сумок ШРМ-28.pdf;https://paksmet.ru/catalog/pasport/instr_sumochnica.pdf
3048;Двухсекционный металлический шкаф для сумок ШРМ-28;Техническое задание Шкаф ШРМ-28 Двухсекционный металлический шкаф для сумок ШРМ-28.docx;https://paksmet.ru/catalog/tz/SHRM-28.docx
3048;Двухсекционный металлический шкаф для сумок ШРМ-28;Сертификаты Двухсекционный металлический шкаф для сумок ШРМ-28.pdf;https://paksmet.ru/catalog/sertifikat/NS-1.pdf
3050;Трехсекционный металлический шкаф для сумок ШРМ-312;Инструкция / паспорт изделия по сборке металлического шкафа Трехсекционный металлический шкаф для сумок ШРМ-312.pdf;https://paksmet.ru/catalog/pasport/instr_sumochnica.pdf
3050;Трехсекционный металлический шкаф для сумок ШРМ-312;Техническое задание Шкаф ШРМ-312 Трехсекционный металлический шкаф для сумок ШРМ-312.docx;https://paksmet.ru/catalog/tz/SHRM-312.docx
3050;Трехсекционный металлический шкаф для сумок ШРМ-312;Сертификаты Трехсекционный металлический шкаф для сумок ШРМ-312.pdf;https://paksmet.ru/catalog/sertifikat/NS-1.pdf
3052;Промежуточная секция модульного ряда ШРМ-14-М;Инструкция / паспорт изделия по сборке металлического шкафа Промежуточная секция модульного ряда ШРМ-14-М.pdf;https://paksmet.ru/catalog/pasport/instr_sumochnica.pdf
3052;Промежуточная секция модульного ряда ШРМ-14-М;Сертификаты Промежуточная секция модульного ряда ШРМ-14-М.pdf;https://paksmet.ru/catalog/sertifikat/NS-2.pdf
3054;Модульный металлический шкаф для сумок ШРМ-28-М;Инструкция / паспорт изделия по сборке металлического шкафа Модульный металлический шкаф для сумок ШРМ-28-М.pdf;https://paksmet.ru/catalog/pasport/instr_sumochnica.pdf
3054;Модульный металлический шкаф для сумок ШРМ-28-М;Техническое задание Шкаф ШРМ-28-M Модульный металлический шкаф для сумок ШРМ-28-М.docx;https://paksmet.ru/catalog/tz/SHRM-28M.docx
3054;Модульный металлический шкаф для сумок ШРМ-28-М;Сертификаты Модульный металлический шкаф для сумок ШРМ-28-М.pdf;https://paksmet.ru/catalog/sertifikat/NS-2.pdf
3056;Офисный сейф КЗ-065 Т;Сертификаты Офисный сейф КЗ-065 Т.pdf;https://paksmet.ru/catalog/sertifikat/SS_KZ.pdf
3057;Офисный сейф КЗ-045 Т;Сертификаты Офисный сейф КЗ-045 Т.pdf;https://paksmet.ru/catalog/sertifikat/SS_KZ.pdf
3058;Офисный сейф КЗ-065 ТК;Сертификаты Офисный сейф КЗ-065 ТК.pdf;https://paksmet.ru/catalog/sertifikat/SS_KZ.pdf
3059;Офисный сейф КЗ-233 ТК;Сертификаты Офисный сейф КЗ-233 ТК.pdf;https://paksmet.ru/catalog/sertifikat/SS_KZ.pdf
3060;Офисный сейф КЗ-223 Т;Сертификаты Офисный сейф КЗ-223 Т.pdf;https://paksmet.ru/catalog/sertifikat/SS_KZ.pdf
3061;Офисный сейф КЗ-223 ТК;Сертификаты Офисный сейф КЗ-223 ТК.pdf;https://paksmet.ru/catalog/sertifikat/SS_KZ.pdf
3062;Офисный сейф КЗ-045 ТК;Сертификаты Офисный сейф КЗ-045 ТК.pdf;https://paksmet.ru/catalog/sertifikat/SS_KZ.pdf
3063;Офисный сейф КЗ-0132 ТК;Сертификаты Офисный сейф КЗ-0132 ТК.pdf;https://paksmet.ru/catalog/sertifikat/SS_KZ.pdf
3064;Офисный сейф КЗ-053 Т;Сертификаты Офисный сейф КЗ-053 Т.pdf;https://paksmet.ru/catalog/sertifikat/SS_KZ.pdf
3065;Офисный сейф КЗ-054;Сертификаты Офисный сейф КЗ-054.pdf;https://paksmet.ru/catalog/sertifikat/SS_KZ.pdf
3066;Офисный сейф КЗ-0132;Сертификаты Офисный сейф КЗ-0132.pdf;https://paksmet.ru/catalog/sertifikat/SS_KZ.pdf
3067;Офисный сейф КЗ-0132 Т;Сертификаты Офисный сейф КЗ-0132 Т.pdf;https://paksmet.ru/catalog/sertifikat/SS_KZ.pdf
3068;Офисный сейф КЗ-035 ТК;Сертификаты Офисный сейф КЗ-035 ТК.pdf;https://paksmet.ru/catalog/sertifikat/SS_KZ.pdf
3069;Офисный сейф КЗ-035 Т;Сертификаты Офисный сейф КЗ-035 Т.pdf;https://paksmet.ru/catalog/sertifikat/SS_KZ.pdf
3070;Офисный сейф КЗ-053;Сертификаты Офисный сейф КЗ-053.pdf;https://paksmet.ru/catalog/sertifikat/SS_KZ.pdf
3071;Взломостойкий сейф ПК-30ТК;Сертификаты Взломостойкий сейф ПК-30ТК.pdf;https://paksmet.ru/catalog/sertifikat/SS_PK.pdf
3071;Взломостойкий сейф ПК-30ТК;Инструкция к механическому кодовому замку Взломостойкий сейф ПК-30ТК.docx;https://paksmet.ru/catalog/pasport/WITTKOPP.docx
3072;Взломостойкий сейф ПК-53;Сертификаты Взломостойкий сейф ПК-53.pdf;https://paksmet.ru/catalog/sertifikat/SS_PK.pdf
3073;Взломостойкий сейф ПК-30Т;Сертификаты Взломостойкий сейф ПК-30Т.pdf;https://paksmet.ru/catalog/sertifikat/SS_PK.pdf
3074;Взломостойкий сейф ПК-20ТК;Сертификаты Взломостойкий сейф ПК-20ТК.pdf;https://paksmet.ru/catalog/sertifikat/SS_PK.pdf
3074;Взломостойкий сейф ПК-20ТК;Инструкция к механическому кодовому замку Взломостойкий сейф ПК-20ТК.docx;https://paksmet.ru/catalog/pasport/WITTKOPP.docx
3075;Взломостойкий сейф ПК-20Т;Сертификаты Взломостойкий сейф ПК-20Т.pdf;https://paksmet.ru/catalog/sertifikat/SS_PK.pdf
3076;Взломостойкий сейф ПК-10Т;Сертификаты Взломостойкий сейф ПК-10Т.pdf;https://paksmet.ru/catalog/sertifikat/SS_PK.pdf
3077;Сейф офисный КМ-1200т;Сертификаты Сейф офисный КМ-1200т.pdf;https://paksmet.ru/catalog/sertifikat/SS_KM.pdf
3078;Сейф офисный КМ-1200т/2;Сертификаты Сейф офисный КМ-1200т/2.pdf;https://paksmet.ru/catalog/sertifikat/SS_KM.pdf
3079;Сейф офисный КМ-900т;Сертификаты Сейф офисный КМ-900т.pdf;https://paksmet.ru/catalog/sertifikat/SS_KM.pdf
3080;Сейф офисный КМ-620т;Сертификаты Сейф офисный КМ-620т.pdf;https://paksmet.ru/catalog/sertifikat/SS_KM.pdf
3081;Сейф офисный КМ-310;Сертификаты Сейф офисный КМ-310.pdf;https://paksmet.ru/catalog/sertifikat/SS_KM.pdf
3082;Сейф офисный КМ-260;Сертификаты Сейф офисный КМ-260.pdf;https://paksmet.ru/catalog/sertifikat/SS_KM.pdf
3083;Мебельный сейф Д-40ме-002;Сертификаты Мебельный сейф Д-40ме-002.pdf;https://paksmet.ru/catalog/sertifikat/DS_Kontur.pdf
3084;Мебельный сейф Д-29ме-002;Сертификаты Мебельный сейф Д-29ме-002.pdf;https://paksmet.ru/catalog/sertifikat/DS_Kontur.pdf
3085;Мебельный сейф Д-24ме-002;Сертификаты Мебельный сейф Д-24ме-002.pdf;https://paksmet.ru/catalog/sertifikat/DS_Kontur.pdf
3086;Мебельный сейф Д-18ме-003;Сертификаты Мебельный сейф Д-18ме-003.pdf;https://paksmet.ru/catalog/sertifikat/DS_Kontur.pdf
3087;Оружейный шкаф КО-037т на 2 ружья;Паспорт оружейного шкафа КО Оружейный шкаф КО-037т на 2 ружья.jpg;https://paksmet.ru/catalog/pasport/pasport_ko.jpg
3087;Оружейный шкаф КО-037т на 2 ружья;Информационное письмо Оружейный шкаф КО-037т на 2 ружья.jpg;https://paksmet.ru/catalog/sertifikat/Info_KO.jpg
3088;Оружейный шкаф КО-038т на 3 ружья;Паспорт оружейного шкафа КО Оружейный шкаф КО-038т на 3 ружья.jpg;https://paksmet.ru/catalog/pasport/pasport_ko.jpg
3088;Оружейный шкаф КО-038т на 3 ружья;Информационное письмо Оружейный шкаф КО-038т на 3 ружья.jpg;https://paksmet.ru/catalog/sertifikat/Info_KO.jpg
3089;Оружейный шкаф КО-036т на 3 ружья;Паспорт оружейного шкафа КО Оружейный шкаф КО-036т на 3 ружья.jpg;https://paksmet.ru/catalog/pasport/pasport_ko.jpg
3089;Оружейный шкаф КО-036т на 3 ружья;Информационное письмо Оружейный шкаф КО-036т на 3 ружья.jpg;https://paksmet.ru/catalog/sertifikat/Info_KO.jpg
3090;Оружейный шкаф КО-035т  на 3 ружья;Паспорт оружейного шкафа КО Оружейный шкаф КО-035т  на 3 ружья.jpg;https://paksmet.ru/catalog/pasport/pasport_ko.jpg
3090;Оружейный шкаф КО-035т  на 3 ружья;Информационное письмо Оружейный шкаф КО-035т  на 3 ружья.jpg;https://paksmet.ru/catalog/sertifikat/Info_KO.jpg
3091;Оружейный шкаф КО-033т  на 4 ружья;Паспорт оружейного шкафа КО Оружейный шкаф КО-033т  на 4 ружья.jpg;https://paksmet.ru/catalog/pasport/pasport_ko.jpg
3091;Оружейный шкаф КО-033т  на 4 ружья;Информационное письмо Оружейный шкаф КО-033т  на 4 ружья.jpg;https://paksmet.ru/catalog/sertifikat/Info_KO.jpg
3092;Оружейный шкаф КО-032т на 3 ружья;Паспорт оружейного шкафа КО Оружейный шкаф КО-032т на 3 ружья.jpg;https://paksmet.ru/catalog/pasport/pasport_ko.jpg
3092;Оружейный шкаф КО-032т на 3 ружья;Информационное письмо Оружейный шкаф КО-032т на 3 ружья.jpg;https://paksmet.ru/catalog/sertifikat/Info_KO.jpg
3093;Бестумбовый металлический верстак ВП-1;Инструкция / паспорт изделия по сборке металлического верстака Бестумбовый металлический верстак ВП-1.pdf;https://paksmet.ru/catalog/pasport/pasport_vp.pdf
3093;Бестумбовый металлический верстак ВП-1;Сертификаты Бестумбовый металлический верстак ВП-1.pdf;https://paksmet.ru/catalog/sertifikat/NS-3.pdf
3095;Металлический верстак с подвесной тумбой ВП-Э;Инструкция / паспорт изделия по сборке металлического верстака Металлический верстак с подвесной тумбой ВП-Э.pdf;https://paksmet.ru/catalog/pasport/pasport_vpe.pdf
3095;Металлический верстак с подвесной тумбой ВП-Э;Сертификаты Металлический верстак с подвесной тумбой ВП-Э.pdf;https://paksmet.ru/catalog/sertifikat/NS-3.pdf
3097;Однотумбовый металлический верстак ВП-2;Инструкция / паспорт изделия по сборке металлического верстака Однотумбовый металлический верстак ВП-2.pdf;https://paksmet.ru/catalog/pasport/pasport_vp.pdf
3097;Однотумбовый металлический верстак ВП-2;Сертификаты Однотумбовый металлический верстак ВП-2.pdf;https://paksmet.ru/catalog/sertifikat/NS-3.pdf
3101;Однотумбовый металлический верстак ВП-3;Инструкция / паспорт изделия по сборке металлического верстака Однотумбовый металлический верстак ВП-3.pdf;https://paksmet.ru/catalog/pasport/pasport_vp.pdf
3101;Однотумбовый металлический верстак ВП-3;Сертификаты Однотумбовый металлический верстак ВП-3.pdf;https://paksmet.ru/catalog/sertifikat/NS-3.pdf
3105;Однотумбовый металлический верстак ВП-3Т;Инструкция / паспорт изделия по сборке металлического верстака Однотумбовый металлический верстак ВП-3Т.pdf;https://paksmet.ru/catalog/pasport/pasport_vp.pdf
3105;Однотумбовый металлический верстак ВП-3Т;Сертификаты Однотумбовый металлический верстак ВП-3Т.pdf;https://paksmet.ru/catalog/sertifikat/NS-3.pdf
3109;Двухтумбовый металлический верстак ВП-5;Инструкция / паспорт изделия по сборке металлического верстака Двухтумбовый металлический верстак ВП-5.pdf;https://paksmet.ru/catalog/pasport/pasport_vp.pdf
3109;Двухтумбовый металлический верстак ВП-5;Сертификаты Двухтумбовый металлический верстак ВП-5.pdf;https://paksmet.ru/catalog/sertifikat/NS-3.pdf
3112;Двухтумбовый металлический верстак ВП-4;Инструкция / паспорт изделия по сборке металлического верстака Двухтумбовый металлический верстак ВП-4.pdf;https://paksmet.ru/catalog/pasport/pasport_vp.pdf
3112;Двухтумбовый металлический верстак ВП-4;Видео по сборке верстака ВП-4 Двухтумбовый металлический верстак ВП-4.com/watch?v=2r-nCAil6ws;https://paksmet.ruhttps://www.youtube.com/watch?v=2r-nCAil6ws
3112;Двухтумбовый металлический верстак ВП-4;Сертификаты Двухтумбовый металлический верстак ВП-4.pdf;https://paksmet.ru/catalog/sertifikat/NS-3.pdf
3115;Двухтумбовый металлический верстак ВП-4Т;Инструкция / паспорт изделия по сборке металлического верстака Двухтумбовый металлический верстак ВП-4Т.pdf;https://paksmet.ru/catalog/pasport/pasport_vp.pdf
3115;Двухтумбовый металлический верстак ВП-4Т;Видео по сборке верстака ВП-4 Двухтумбовый металлический верстак ВП-4Т.com/watch?v=2r-nCAil6ws;https://paksmet.ruhttps://www.youtube.com/watch?v=2r-nCAil6ws
3115;Двухтумбовый металлический верстак ВП-4Т;Сертификаты Двухтумбовый металлический верстак ВП-4Т.pdf;https://paksmet.ru/catalog/sertifikat/NS-3.pdf
3118;Двухтумбовый металлический верстак ВП-6;Инструкция / паспорт изделия по сборке металлического верстака Двухтумбовый металлический верстак ВП-6.pdf;https://paksmet.ru/catalog/pasport/pasport_vp.pdf
3118;Двухтумбовый металлический верстак ВП-6;Сертификаты Двухтумбовый металлический верстак ВП-6.pdf;https://paksmet.ru/catalog/sertifikat/NS-3.pdf
3121;Двухтумбовый металлический верстак ВП-6Т;Инструкция / паспорт изделия по сборке металлического верстака Двухтумбовый металлический верстак ВП-6Т.pdf;https://paksmet.ru/catalog/pasport/pasport_vp.pdf
3121;Двухтумбовый металлический верстак ВП-6Т;Сертификаты Двухтумбовый металлический верстак ВП-6Т.pdf;https://paksmet.ru/catalog/sertifikat/NS-3.pdf
3124;Подвесная тумба Т-ВПЭ для крепления к верстаку ВП-Э;Инструкция / паспорт изделия по сборке металлического верстака Подвесная тумба Т-ВПЭ для крепления к верстаку ВП-Э.pdf;https://paksmet.ru/catalog/pasport/pasport_vp.pdf
3124;Подвесная тумба Т-ВПЭ для крепления к верстаку ВП-Э;Сертификаты Подвесная тумба Т-ВПЭ для крепления к верстаку ВП-Э.pdf;https://paksmet.ru/catalog/sertifikat/NS-3.pdf
3126;Тумба Т-1 для металлического верстака;Инструкция / паспорт изделия по сборке металлического верстака Тумба Т-1 для металлического верстака.pdf;https://paksmet.ru/catalog/pasport/pasport_vp.pdf
3126;Тумба Т-1 для металлического верстака;Сертификаты Тумба Т-1 для металлического верстака.pdf;https://paksmet.ru/catalog/sertifikat/NS-3.pdf
3128;Тумба Т-2 с ящиками для металлического верстака;Инструкция / паспорт изделия по сборке металлического верстака Тумба Т-2 с ящиками для металлического верстака.pdf;https://paksmet.ru/catalog/pasport/pasport_vp.pdf
3128;Тумба Т-2 с ящиками для металлического верстака;Сертификаты Тумба Т-2 с ящиками для металлического верстака.pdf;https://paksmet.ru/catalog/sertifikat/NS-3.pdf
3130;Тумба Т-2Т с ящиками для металлического верстак;Инструкция / паспорт изделия по сборке металлического верстака Тумба Т-2Т с ящиками для металлического верстак.pdf;https://paksmet.ru/catalog/pasport/pasport_vp.pdf
3130;Тумба Т-2Т с ящиками для металлического верстак;Сертификаты Тумба Т-2Т с ящиками для металлического верстак.pdf;https://paksmet.ru/catalog/sertifikat/NS-3.pdf
3132;Перфорированный экран для металлического верстака Экран Э;Инструкция / паспорт изделия по сборке металлического верстака Перфорированный экран для металлического верстака Экран Э.pdf;https://paksmet.ru/catalog/pasport/pasport_vp.pdf
3132;Перфорированный экран для металлического верстака Экран Э;Сертификаты Перфорированный экран для металлического верстака Экран Э.pdf;https://paksmet.ru/catalog/sertifikat/NS-3.pdf
3138;Комплект К-3 для верстаков двухтумбовых ВП-4, ВП-5 и ВП-6;Инструкция / паспорт изделия по сборке металлического верстака Комплект К-3 для верстаков двухтумбовых ВП-4, ВП-5 и ВП-6.pdf;https://paksmet.ru/catalog/pasport/pasport_vp.pdf
3138;Комплект К-3 для верстаков двухтумбовых ВП-4, ВП-5 и ВП-6;Сертификаты Комплект К-3 для верстаков двухтумбовых ВП-4, ВП-5 и ВП-6.pdf;https://paksmet.ru/catalog/sertifikat/NS-3.pdf
3141;Комплект К-1 для верстака бестумбового ВП-1;Инструкция / паспорт изделия по сборке металлического верстака Комплект К-1 для верстака бестумбового ВП-1.pdf;https://paksmet.ru/catalog/pasport/pasport_vp.pdf
3141;Комплект К-1 для верстака бестумбового ВП-1;Сертификаты Комплект К-1 для верстака бестумбового ВП-1.pdf;https://paksmet.ru/catalog/sertifikat/NS-3.pdf
3143;Комплект К-1-Э для верстака с подвесной тумбой ВП-Э;Инструкция / паспорт изделия по сборке металлического верстака Комплект К-1-Э для верстака с подвесной тумбой ВП-Э.pdf;https://paksmet.ru/catalog/pasport/pasport_vp.pdf
3143;Комплект К-1-Э для верстака с подвесной тумбой ВП-Э;Сертификаты Комплект К-1-Э для верстака с подвесной тумбой ВП-Э.pdf;https://paksmet.ru/catalog/sertifikat/NS-3.pdf
3145;Комплект К-2 для верстаков однотумбовых ВП-2 и ВП-3;Инструкция / паспорт изделия по сборке металлического верстака Комплект К-2 для верстаков однотумбовых ВП-2 и ВП-3.pdf;https://paksmet.ru/catalog/pasport/pasport_vp.pdf
3145;Комплект К-2 для верстаков однотумбовых ВП-2 и ВП-3;Сертификаты Комплект К-2 для верстаков однотумбовых ВП-2 и ВП-3.pdf;https://paksmet.ru/catalog/sertifikat/NS-3.pdf
3149;Оцинкованная столешница СТ для верстаков;Инструкция / паспорт изделия по сборке металлического верстака Оцинкованная столешница СТ для верстаков.pdf;https://paksmet.ru/catalog/pasport/pasport_vp.pdf
3149;Оцинкованная столешница СТ для верстаков;Сертификаты Оцинкованная столешница СТ для верстаков.pdf;https://paksmet.ru/catalog/sertifikat/NS-3.pdf
3155;Держатель для инструмента для перфорированного экрана;Инструкция / паспорт изделия по сборке металлического верстака Держатель для инструмента для перфорированного экрана.pdf;https://paksmet.ru/catalog/pasport/pasport_vp.pdf
3155;Держатель для инструмента для перфорированного экрана;Сертификаты Держатель для инструмента для перфорированного экрана.pdf;https://paksmet.ru/catalog/sertifikat/NS-3.pdf
3157;Держатель для ключей для перфорированного экрана;Инструкция / паспорт изделия по сборке металлического верстака Держатель для ключей для перфорированного экрана.pdf;https://paksmet.ru/catalog/pasport/pasport_vp.pdf
3157;Держатель для ключей для перфорированного экрана;Сертификаты Держатель для ключей для перфорированного экрана.pdf;https://paksmet.ru/catalog/sertifikat/NS-3.pdf
3159;Полка для перфорированного экрана;Инструкция / паспорт изделия по сборке металлического верстака Полка для перфорированного экрана.pdf;https://paksmet.ru/catalog/pasport/pasport_vp.pdf
3159;Полка для перфорированного экрана;Сертификаты Полка для перфорированного экрана.pdf;https://paksmet.ru/catalog/sertifikat/NS-3.pdf
3162;Инструментальный шкаф ИП-1;Инструкция / паспорт изделия по сборке металлического шкафа Инструментальный шкаф ИП-1.pdf;https://paksmet.ru/catalog/pasport/ip.pdf
3162;Инструментальный шкаф ИП-1;Сертификаты Инструментальный шкаф ИП-1.pdf;https://paksmet.ru/catalog/sertifikat/NS-5.pdf
3164;Инструментальный шкаф ИП-2;Инструкция / паспорт изделия по сборке металлического шкафа Инструментальный шкаф ИП-2.pdf;https://paksmet.ru/catalog/pasport/ip.pdf
3164;Инструментальный шкаф ИП-2;Сертификаты Инструментальный шкаф ИП-2.pdf;https://paksmet.ru/catalog/sertifikat/NS-5.pdf
3166;Инструментальный шкаф ИП-1-0.5;Инструкция / паспорт изделия по сборке металлического шкафа Инструментальный шкаф ИП-1-0.5.pdf;https://paksmet.ru/catalog/pasport/ip.pdf
3166;Инструментальный шкаф ИП-1-0.5;Сертификаты Инструментальный шкаф ИП-1-0.5.pdf;https://paksmet.ru/catalog/sertifikat/NS-5.pdf
3168;Инструментальный шкаф ИП-2-0.5;Инструкция / паспорт изделия по сборке металлического шкафа Инструментальный шкаф ИП-2-0.5.pdf;https://paksmet.ru/catalog/pasport/ip.pdf
3168;Инструментальный шкаф ИП-2-0.5;Сертификаты Инструментальный шкаф ИП-2-0.5.pdf;https://paksmet.ru/catalog/sertifikat/NS-5.pdf
3170;Полка ИП;Инструкция / паспорт изделия по сборке металлического шкафа Полка ИП.pdf;https://paksmet.ru/catalog/pasport/ip.pdf
3170;Полка ИП;Сертификаты Полка ИП.pdf;https://paksmet.ru/catalog/sertifikat/NS-5.pdf
3173;Перфорированный Экран ИП;Инструкция / паспорт изделия по сборке металлического шкафа Перфорированный Экран ИП.pdf;https://paksmet.ru/catalog/pasport/ip.pdf
3173;Перфорированный Экран ИП;Сертификаты Перфорированный Экран ИП.pdf;https://paksmet.ru/catalog/sertifikat/NS-5.pdf
3176;Выдвижной ящик ИП;Инструкция / паспорт изделия по сборке металлического шкафа Выдвижной ящик ИП.pdf;https://paksmet.ru/catalog/pasport/ip.pdf
3176;Выдвижной ящик ИП;Сертификаты Выдвижной ящик ИП.pdf;https://paksmet.ru/catalog/sertifikat/NS-5.pdf
3179;Инструментальный шкаф  ИП-1/1;Инструкция / паспорт изделия по сборке металлического шкафа Инструментальный шкаф  ИП-1/1.pdf;https://paksmet.ru/catalog/pasport/ip.pdf
3179;Инструментальный шкаф  ИП-1/1;Сертификаты Инструментальный шкаф  ИП-1/1.pdf;https://paksmet.ru/catalog/sertifikat/NS-5.pdf
3181;Инструментальный шкаф ИП-2/1;Инструкция / паспорт изделия по сборке металлического шкафа Инструментальный шкаф ИП-2/1.pdf;https://paksmet.ru/catalog/pasport/ip.pdf
3181;Инструментальный шкаф ИП-2/1;Сертификаты Инструментальный шкаф ИП-2/1.pdf;https://paksmet.ru/catalog/sertifikat/NS-5.pdf
3183;Инструментальный шкаф  ИП-1/2;Инструкция / паспорт изделия по сборке металлического шкафа Инструментальный шкаф  ИП-1/2.pdf;https://paksmet.ru/catalog/pasport/ip.pdf
3183;Инструментальный шкаф  ИП-1/2;Сертификаты Инструментальный шкаф  ИП-1/2.pdf;https://paksmet.ru/catalog/sertifikat/NS-5.pdf
3185;Инструментальный шкаф  ИП-2/2;Инструкция / паспорт изделия по сборке металлического шкафа Инструментальный шкаф  ИП-2/2.pdf;https://paksmet.ru/catalog/pasport/ip.pdf
3185;Инструментальный шкаф  ИП-2/2;Сертификаты Инструментальный шкаф  ИП-2/2.pdf;https://paksmet.ru/catalog/sertifikat/NS-5.pdf
3187;Инструментальный шкаф ИП-1/3;Инструкция / паспорт изделия по сборке металлического шкафа Инструментальный шкаф ИП-1/3.pdf;https://paksmet.ru/catalog/pasport/ip.pdf
3187;Инструментальный шкаф ИП-1/3;Сертификаты Инструментальный шкаф ИП-1/3.pdf;https://paksmet.ru/catalog/sertifikat/NS-5.pdf
3189;Инструментальный шкаф ИП-1/4;Инструкция / паспорт изделия по сборке металлического шкафа Инструментальный шкаф ИП-1/4.pdf;https://paksmet.ru/catalog/pasport/ip.pdf
3189;Инструментальный шкаф ИП-1/4;Сертификаты Инструментальный шкаф ИП-1/4.pdf;https://paksmet.ru/catalog/sertifikat/NS-5.pdf
3191;Инструментальный шкаф ИП-1/5;Инструкция / паспорт изделия по сборке металлического шкафа Инструментальный шкаф ИП-1/5.pdf;https://paksmet.ru/catalog/pasport/ip.pdf
3191;Инструментальный шкаф ИП-1/5;Сертификаты Инструментальный шкаф ИП-1/5.pdf;https://paksmet.ru/catalog/sertifikat/NS-5.pdf
3193;Инструментальный шкаф ИП-1/6;Инструкция / паспорт изделия по сборке металлического шкафа Инструментальный шкаф ИП-1/6.pdf;https://paksmet.ru/catalog/pasport/ip.pdf
3193;Инструментальный шкаф ИП-1/6;Сертификаты Инструментальный шкаф ИП-1/6.pdf;https://paksmet.ru/catalog/sertifikat/NS-5.pdf
3195;Инструментальный шкаф ИП-1/7;Инструкция / паспорт изделия по сборке металлического шкафа Инструментальный шкаф ИП-1/7.pdf;https://paksmet.ru/catalog/pasport/ip.pdf
3195;Инструментальный шкаф ИП-1/7;Сертификаты Инструментальный шкаф ИП-1/7.pdf;https://paksmet.ru/catalog/sertifikat/NS-5.pdf
3197;Инструментальный шкаф ИП-1/8;Инструкция / паспорт изделия по сборке металлического шкафа Инструментальный шкаф ИП-1/8.pdf;https://paksmet.ru/catalog/pasport/ip.pdf
3197;Инструментальный шкаф ИП-1/8;Сертификаты Инструментальный шкаф ИП-1/8.pdf;https://paksmet.ru/catalog/sertifikat/NS-5.pdf
3199;Инструментальный шкаф ИП-1-0.5/1;Инструкция / паспорт изделия по сборке металлического шкафа Инструментальный шкаф ИП-1-0.5/1.pdf;https://paksmet.ru/catalog/pasport/ip.pdf
3199;Инструментальный шкаф ИП-1-0.5/1;Сертификаты Инструментальный шкаф ИП-1-0.5/1.pdf;https://paksmet.ru/catalog/sertifikat/NS-5.pdf
3201;Инструментальный шкаф ИП-2-0.5/1;Инструкция / паспорт изделия по сборке металлического шкафа Инструментальный шкаф ИП-2-0.5/1.pdf;https://paksmet.ru/catalog/pasport/ip.pdf
3201;Инструментальный шкаф ИП-2-0.5/1;Сертификаты Инструментальный шкаф ИП-2-0.5/1.pdf;https://paksmet.ru/catalog/sertifikat/NS-5.pdf
3203;Инструментальный шкаф ИП-1-0.5/2;Инструкция / паспорт изделия по сборке металлического шкафа Инструментальный шкаф ИП-1-0.5/2.pdf;https://paksmet.ru/catalog/pasport/ip.pdf
3203;Инструментальный шкаф ИП-1-0.5/2;Сертификаты Инструментальный шкаф ИП-1-0.5/2.pdf;https://paksmet.ru/catalog/sertifikat/NS-5.pdf
3205;Инструментальный шкаф ИП-2-0.5/2;Инструкция / паспорт изделия по сборке металлического шкафа Инструментальный шкаф ИП-2-0.5/2.pdf;https://paksmet.ru/catalog/pasport/ip.pdf
3205;Инструментальный шкаф ИП-2-0.5/2;Сертификаты Инструментальный шкаф ИП-2-0.5/2.pdf;https://paksmet.ru/catalog/sertifikat/NS-5.pdf
3207;Инструментальный шкаф ИП-1-0.5/3;Инструкция / паспорт изделия по сборке металлического шкафа Инструментальный шкаф ИП-1-0.5/3.pdf;https://paksmet.ru/catalog/pasport/ip.pdf
3207;Инструментальный шкаф ИП-1-0.5/3;Сертификаты Инструментальный шкаф ИП-1-0.5/3.pdf;https://paksmet.ru/catalog/sertifikat/NS-5.pdf
3209;Инструментальный шкаф ИП-1-0.5/4;Инструкция / паспорт изделия по сборке металлического шкафа Инструментальный шкаф ИП-1-0.5/4.pdf;https://paksmet.ru/catalog/pasport/ip.pdf
3209;Инструментальный шкаф ИП-1-0.5/4;Сертификаты Инструментальный шкаф ИП-1-0.5/4.pdf;https://paksmet.ru/catalog/sertifikat/NS-5.pdf
3211;Инструментальный шкаф ИП-1-0.5/5;Инструкция / паспорт изделия по сборке металлического шкафа Инструментальный шкаф ИП-1-0.5/5.pdf;https://paksmet.ru/catalog/pasport/ip.pdf
3211;Инструментальный шкаф ИП-1-0.5/5;Сертификаты Инструментальный шкаф ИП-1-0.5/5.pdf;https://paksmet.ru/catalog/sertifikat/NS-5.pdf
3213;Металлическая аптечка АМ-1 для медикаментов;Инструкция / паспорт изделия по сборке металлического шкафа Металлическая аптечка АМ-1 для медикаментов.pdf;https://paksmet.ru/catalog/pasport/med_instr.pdf
3213;Металлическая аптечка АМ-1 для медикаментов;Техническое задание Аптечка АМ-1 Металлическая аптечка АМ-1 для медикаментов.docx;https://paksmet.ru/catalog/tz/AM-1.docx
3213;Металлическая аптечка АМ-1 для медикаментов;Сертификаты Металлическая аптечка АМ-1 для медикаментов.pdf;https://paksmet.ru/catalog/sertifikat/NS-1.pdf
3215;Металлический медицинский шкаф  M1М;Инструкция / паспорт изделия по сборке металлического шкафа Металлический медицинский шкаф  M1М.pdf;https://paksmet.ru/catalog/pasport/med_instr.pdf
3215;Металлический медицинский шкаф  M1М;Техническое задание Медицинский шкаф M1 165.50.32 M Металлический медицинский шкаф  M1М.docx;https://paksmet.ru/catalog/tz/M1-165.50.32-M.docx
3215;Металлический медицинский шкаф  M1М;Техническое задание Медицинский шкаф M1 165.57.32 M Металлический медицинский шкаф  M1М.docx;https://paksmet.ru/catalog/tz/M1-165.57.32-M.docx
3215;Металлический медицинский шкаф  M1М;Техническое задание Медицинский шкаф M1 175.60.40 M Металлический медицинский шкаф  M1М.docx;https://paksmet.ru/catalog/tz/M1-175.60.40-M.docx
3215;Металлический медицинский шкаф  M1М;Сертификаты Металлический медицинский шкаф  M1М.pdf;https://paksmet.ru/catalog/sertifikat/NS-1.pdf
3219;Металлический медицинский шкаф  M1С;Инструкция / паспорт изделия по сборке металлического шкафа Металлический медицинский шкаф  M1С.pdf;https://paksmet.ru/catalog/pasport/med_instr.pdf
3219;Металлический медицинский шкаф  M1С;Техническое задание Медицинский шкаф M1 165.50.32 C Металлический медицинский шкаф  M1С.docx;https://paksmet.ru/catalog/tz/M1-165.50.32-C.docx
3219;Металлический медицинский шкаф  M1С;Техническое задание Медицинский шкаф M1 165.57.32 C Металлический медицинский шкаф  M1С.docx;https://paksmet.ru/catalog/tz/M1-165.57.32-C.docx
3219;Металлический медицинский шкаф  M1С;Техническое задание Медицинский шкаф M1 175.60.40 C Металлический медицинский шкаф  M1С.docx;https://paksmet.ru/catalog/tz/M1-175.60.40-C.docx
3219;Металлический медицинский шкаф  M1С;Сертификаты Металлический медицинский шкаф  M1С.pdf;https://paksmet.ru/catalog/sertifikat/NS-1.pdf
3223;Металлический медицинский шкаф M2М;Инструкция / паспорт изделия по сборке металлического шкафа Металлический медицинский шкаф M2М.pdf;https://paksmet.ru/catalog/pasport/med_instr.pdf
3223;Металлический медицинский шкаф M2М;Техническое задание Медицинский шкаф M2 165.70.32 M Металлический медицинский шкаф M2М.docx;https://paksmet.ru/catalog/tz/M2-165.70.32-M.docx
3223;Металлический медицинский шкаф M2М;Техническое задание Медицинский шкаф M2 175.80.40 M Металлический медицинский шкаф M2М.docx;https://paksmet.ru/catalog/tz/M2-175.80.40-M.docx
3223;Металлический медицинский шкаф M2М;Сертификаты Металлический медицинский шкаф M2М.pdf;https://paksmet.ru/catalog/sertifikat/NS-1.pdf
3226;Металлический медицинский шкаф M2C;Инструкция / паспорт изделия по сборке металлического шкафа Металлический медицинский шкаф M2C.pdf;https://paksmet.ru/catalog/pasport/med_instr.pdf
3226;Металлический медицинский шкаф M2C;Техническое задание Медицинский шкаф M2 165.70.32 C Металлический медицинский шкаф M2C.docx;https://paksmet.ru/catalog/tz/M2-165.70.32-C.docx
3226;Металлический медицинский шкаф M2C;Техническое задание Медицинский шкаф M2 175.80.40 C Металлический медицинский шкаф M2C.docx;https://paksmet.ru/catalog/tz/M2-175.80.40-C.docx
3226;Металлический медицинский шкаф M2C;Сертификаты Металлический медицинский шкаф M2C.pdf;https://paksmet.ru/catalog/sertifikat/NS-1.pdf
3229;Задняя стенка для почтовых ящиков серии ПМ;Сертификаты Задняя стенка для почтовых ящиков серии ПМ.jpg;https://paksmet.ru/catalog/sertifikat/Info_PM.jpg
3235;Металлический пятисекционный почтовый ящик ПМ-5;Техническое задание Почтовый ящик ПМ-5 Металлический пятисекционный почтовый ящик ПМ-5.doc;https://paksmet.ru/catalog/tz/PM-5.doc
3235;Металлический пятисекционный почтовый ящик ПМ-5;Сертификаты Металлический пятисекционный почтовый ящик ПМ-5.jpg;https://paksmet.ru/catalog/sertifikat/Info_PM.jpg
3237;Металлический шестисекционный почтовый ящик ПМ-6;Техническое задание Почтовый ящик ПМ-6 Металлический шестисекционный почтовый ящик ПМ-6.doc;https://paksmet.ru/catalog/tz/PM-6.doc
3237;Металлический шестисекционный почтовый ящик ПМ-6;Сертификаты Металлический шестисекционный почтовый ящик ПМ-6.jpg;https://paksmet.ru/catalog/sertifikat/Info_PM.jpg
3239;Металлический семисекционный почтовый ящик ПМ-7;Техническое задание Почтовый ящик ПМ-7 Металлический семисекционный почтовый ящик ПМ-7.doc;https://paksmet.ru/catalog/tz/PM-7.doc
3239;Металлический семисекционный почтовый ящик ПМ-7;Сертификаты Металлический семисекционный почтовый ящик ПМ-7.jpg;https://paksmet.ru/catalog/sertifikat/Info_PM.jpg
3241;Металлический восьмисекционный почтовый ящик ПМ-8;Техническое задание Почтовый ящик ПМ-8 Металлический восьмисекционный почтовый ящик ПМ-8.doc;https://paksmet.ru/catalog/tz/PM-8.doc
3241;Металлический восьмисекционный почтовый ящик ПМ-8;Сертификаты Металлический восьмисекционный почтовый ящик ПМ-8.jpg;https://paksmet.ru/catalog/sertifikat/Info_PM.jpg
3243;Металлический четырехсекционный почтовый ящик ПМ-4;Техническое задание Почтовый ящик ПМ-4 Металлический четырехсекционный почтовый ящик ПМ-4.doc;https://paksmet.ru/catalog/tz/PM-4.doc
3243;Металлический четырехсекционный почтовый ящик ПМ-4;Сертификаты Металлический четырехсекционный почтовый ящик ПМ-4.jpg;https://paksmet.ru/catalog/sertifikat/Info_PM.jpg
3309;Шкаф гардеробный GS;Инструкция / паспорт изделия по сборке гардеробной системы Шкаф гардеробный GS.jpg;https://paksmet.ru/catalog/pasport/instr_gs.jpg
3309;Шкаф гардеробный GS;Сертификаты Шкаф гардеробный GS.pdf;https://paksmet.ru/catalog/sertifikat/NS-4.pdf
3310;Металлический бухгалтерский шкаф КБС-10н;Сертификаты Металлический бухгалтерский шкаф КБС-10н.pdf;https://paksmet.ru/catalog/sertifikat/DS_Kontur.pdf
3312;Металлический бухгалтерский шкаф КБС-06н;Сертификаты Металлический бухгалтерский шкаф КБС-06н.pdf;https://paksmet.ru/catalog/sertifikat/DS_Kontur.pdf
3314;Металлический бухгалтерский шкаф КБС-05н;Сертификаты Металлический бухгалтерский шкаф КБС-05н.pdf;https://paksmet.ru/catalog/sertifikat/DS_Kontur.pdf
3316;Металлический бухгалтерский шкаф КБС-042тн;Сертификаты Металлический бухгалтерский шкаф КБС-042тн.pdf;https://paksmet.ru/catalog/sertifikat/DS_Kontur.pdf
3318;Металлический бухгалтерский шкаф КБС-041тн;Сертификаты Металлический бухгалтерский шкаф КБС-041тн.pdf;https://paksmet.ru/catalog/sertifikat/DS_Kontur.pdf
3320;Металлический бухгалтерский шкаф КБС-033тн;Сертификаты Металлический бухгалтерский шкаф КБС-033тн.pdf;https://paksmet.ru/catalog/sertifikat/DS_Kontur.pdf
3322;Металлический бухгалтерский шкаф КБС-011т;Сертификаты Металлический бухгалтерский шкаф КБС-011т.pdf;https://paksmet.ru/catalog/sertifikat/DS_Kontur.pdf
3324;Металлический бухгалтерский шкаф КБС-012т;Сертификаты Металлический бухгалтерский шкаф КБС-012т.pdf;https://paksmet.ru/catalog/sertifikat/DS_Kontur.pdf
3326;Металлический бухгалтерский шкаф КБС-031т;Сертификаты Металлический бухгалтерский шкаф КБС-031т.pdf;https://paksmet.ru/catalog/sertifikat/DS_Kontur.pdf
3328;Металлический бухгалтерский шкаф КБС-02т;Сертификаты Металлический бухгалтерский шкаф КБС-02т.pdf;https://paksmet.ru/catalog/sertifikat/DS_Kontur.pdf
3330;Металлический бухгалтерский шкаф КБС-02;Сертификаты Металлический бухгалтерский шкаф КБС-02.pdf;https://paksmet.ru/catalog/sertifikat/DS_Kontur.pdf
3332;Металлический бухгалтерский шкаф КБС-032т;Сертификаты Металлический бухгалтерский шкаф КБС-032т.pdf;https://paksmet.ru/catalog/sertifikat/DS_Kontur.pdf
3334;Металлический бухгалтерский шкаф КБС-033;Сертификаты Металлический бухгалтерский шкаф КБС-033.pdf;https://paksmet.ru/catalog/sertifikat/DS_Kontur.pdf
3336;Металлический бухгалтерский шкаф КБС-021тн;Сертификаты Металлический бухгалтерский шкаф КБС-021тн.pdf;https://paksmet.ru/catalog/sertifikat/DS_Kontur.pdf
3338;Металлический бухгалтерский шкаф КБС-02тн;Сертификаты Металлический бухгалтерский шкаф КБС-02тн.pdf;https://paksmet.ru/catalog/sertifikat/DS_Kontur.pdf
3340;Металлический бухгалтерский шкаф КБС-011тн;Сертификаты Металлический бухгалтерский шкаф КБС-011тн.pdf;https://paksmet.ru/catalog/sertifikat/DS_Kontur.pdf
3342;Металлический бухгалтерский шкаф КБС-021н;Сертификаты Металлический бухгалтерский шкаф КБС-021н.pdf;https://paksmet.ru/catalog/sertifikat/DS_Kontur.pdf
3344;Металлический бухгалтерский шкаф КБС-023тн;Сертификаты Металлический бухгалтерский шкаф КБС-023тн.pdf;https://paksmet.ru/catalog/sertifikat/DS_Kontur.pdf
3346;Металлический бухгалтерский шкаф КБС-023т;Сертификаты Металлический бухгалтерский шкаф КБС-023т.pdf;https://paksmet.ru/catalog/sertifikat/DS_Kontur.pdf
3348;Металлический бухгалтерский шкаф КБС-033н;Сертификаты Металлический бухгалтерский шкаф КБС-033н.pdf;https://paksmet.ru/catalog/sertifikat/DS_Kontur.pdf
3350;Металлический бухгалтерский шкаф КБС-032тн;Сертификаты Металлический бухгалтерский шкаф КБС-032тн.pdf;https://paksmet.ru/catalog/sertifikat/DS_Kontur.pdf
3352;Металлический бухгалтерский шкаф КБС-031тн;Сертификаты Металлический бухгалтерский шкаф КБС-031тн.pdf;https://paksmet.ru/catalog/sertifikat/DS_Kontur.pdf
3354;Металлический бухгалтерский шкаф КБС-02н;Сертификаты Металлический бухгалтерский шкаф КБС-02н.pdf;https://paksmet.ru/catalog/sertifikat/DS_Kontur.pdf
3356;Металлический бухгалтерский шкаф КБС-021т;Сертификаты Металлический бухгалтерский шкаф КБС-021т.pdf;https://paksmet.ru/catalog/sertifikat/DS_Kontur.pdf
3358;Металлический бухгалтерский шкаф  КБС-042т;Сертификаты Металлический бухгалтерский шкаф  КБС-042т.pdf;https://paksmet.ru/catalog/sertifikat/DS_Kontur.pdf
3360;Металлический бухгалтерский шкаф КБС-041т;Сертификаты Металлический бухгалтерский шкаф КБС-041т.pdf;https://paksmet.ru/catalog/sertifikat/DS_Kontur.pdf
3362;Металлический бухгалтерский шкаф КБС-033т;Сертификаты Металлический бухгалтерский шкаф КБС-033т.pdf;https://paksmet.ru/catalog/sertifikat/DS_Kontur.pdf
3364;Металлический бухгалтерский шкаф КБС-05;Сертификаты Металлический бухгалтерский шкаф КБС-05.pdf;https://paksmet.ru/catalog/sertifikat/DS_Kontur.pdf
3366;Металлический бухгалтерский шкаф КБС-06;Сертификаты Металлический бухгалтерский шкаф КБС-06.pdf;https://paksmet.ru/catalog/sertifikat/DS_Kontur.pdf
3368;Металлический бухгалтерский шкаф КБС-021;Сертификаты Металлический бухгалтерский шкаф КБС-021.pdf;https://paksmet.ru/catalog/sertifikat/DS_Kontur.pdf
3370;Металлический бухгалтерский шкаф  КБС-10;Сертификаты Металлический бухгалтерский шкаф  КБС-10.pdf;https://paksmet.ru/catalog/sertifikat/DS_Kontur.pdf
3372;Металлический бухгалтерский шкаф КБС-09;Сертификаты Металлический бухгалтерский шкаф КБС-09.pdf;https://paksmet.ru/catalog/sertifikat/DS_Kontur.pdf
